0	0	0	0	0	0	0	0	0	0	0	0	0	0	0	0	0	0	0	0	0	0	0	0	0	0	0	0	0	0	0	0	0	0	0	0	0	0	0	0	0	0	0	0	0	0	0	0	0	0	0	0	0	0	0	0	0	0	0	0	0	0	0	0	0	0	0	0	0	0	0	0	0	0	0	0	0	0	0	0	0	0	0	0	0	0	0	0	0	0	0	0	0	0	0	0	0	0	0	0	0	0	0	0	0	0	0	0	0	0	0	0	0	0	0	0	0	0	0	0	0	0	0	0	0	0	0	0	0	0	0	0	0	0	0	0	0	0	0	0	0	0	0	0	0	0	0	0	0	0	0	0	0	0	0	0	0	0	0	0	0	0	0	0	0	0	0	0	0	0	0	0	0	0	0	0	0	0	0	0	0	0	0	0	0	0	0	0	0	0	0	0	0	0	0	0	0	0	0	0
16777216	16777216	16777216	16777216	16777216	16777216	16777216	16777216	16777216	16777216	16777216	16777216	16777216	16777216	16777216	16777216	16777216	16777216	16777216	16777216	16777216	16777216	16777216	16777216	16777216	16777216	16777216	16777216	16777216	16777216	16777216	16777216	16777216	16777216	16777216	16777216	16777216	16777216	16777216	16777216	16777216	16777216	16777216	16777216	16777216	16777216	16777216	16777216	16777216	16777216	16777216	16777216	16777216	16777216	16777216	16777216	16777216	16777216	16777216	16777216	16777216	16777216	16777216	16777216	16777216	16777216	16777216	16777216	16777216	16777216	16777216	16777216	16777216	16777216	16777216	16777216	16777216	16777216	16777216	16777216	16777216	16777216	16777216	16777216	0	33554432	33554432	33554432	16777216	0	0	0	0	33554432	33554432	16777216	16777216	16777216	0	0	33554432	33554432	16777216	33554432	33554432	0	33554432	33554432	16777216	33554432	0	0	33554432	16777216	0	16777216	16777216	16777216	16777216	16777216	16777216	16777216	16777216	16777216	16777216	16777216	16777216	16777216	16777216	16777216	16777216	16777216	16777216	16777216	16777216	16777216	16777216	16777216	16777216	16777216	10306004	6471211	16777216	16777216	16777216	16777216	16777216	16777216	11983725	2396745	16777216	16777216	16777216	16777216	16777216	16777216	16777216	16777216	5752188	2876094	16777216	16777216	16777216	16777216	2396745	16777216	16777216	16777216	16777216	16777216	13901121	16777216	16777216	2396745	6471211	6471211	2396745	16777216	16777216	16777216	11504376	6471211	6471211	16777216	16777216	16777216	16777216	8628282	8628282	16777216	16777216	2876094	2396745	2396745	2396745	2396745	2396745	16777216	2876094	2876094
1677721600	1677721600	1677721600	1677721600	1677721600	1677721600	1677721600	1677721600	1677721600	1677721600	1677721600	1677721600	1677721600	1677721600	1677721600	1677721600	1677721600	1677721600	1677721600	1677721600	1677721600	1677721600	1677721600	1677721600	1677721600	1677721600	1677721600	1677721600	1677721600	1677721600	1677721600	1677721600	1677721600	1677721600	1677721600	1677721600	1677721600	1677721600	1677721600	1677721600	1677721600	1677721600	1677721600	1677721600	1677721600	1677721600	1677721600	1677721600	1677721600	1677721600	1677721600	1677721600	1677721600	1677721600	1677721600	1677721600	1677721600	1677721600	1677721600	1677721600	1677721600	1677721600	1677721600	1677721600	1677721600	1677721600	1677721600	1677721600	1677721600	1677721600	1677721600	1677721600	1677721600	1677721600	1677721600	1677721600	1677721600	1677721600	1677721600	1677721600	1677721600	1677721600	1677721600	1677721600	0	0	0	0	0	0	0	0	0	0	0	0	0	0	0	0	0	0	0	0	0	0	0	0	0	0	0	0	0	0	0	0	1677721600	1677721600	1677721600	1677721600	1677721600	1677721600	1677721600	1677721600	1677721600	359511771	1677721600	1677721600	1677721600	1677721600	1677721600	1677721600	1677721600	1677721600	559240533	559240533	1677721600	1677721600	1677721600	1677721600	359511771	359511771	1677721600	1677721600	1677721600	1677721600	1677721600	1677721600	1198372571	239674514	1118481066	1677721600	1677721600	1677721600	1677721600	1677721600	359511771	1677721600	575218834	287609417	1677721600	1677721600	1677721600	1677721600	239674514	1677721600	1677721600	1677721600	1677721600	1677721600	239674514	1677721600	1677721600	239674514	359511771	1318209828	239674514	1677721600	1677721600	1677721600	1150437668	551251382	239674514	1677721600	1677721600	1677721600	1677721600	862828251	862828251	1677721600	1677721600	287609417	239674514	239674514	239674514	239674514	239674514	1677721600	287609417	287609417
150994944	33554432	50331648	117440512	83886080	167772160	100663296	83886080	33554432	0	134217728	117440512	150994944	0	100663296	100663296	33554432	100663296	0	67108864	134217728	150994944	150994944	33554432	50331648	0	134217728	83886080	67108864	167772160	150994944	150994944	33554432	33554432	16777216	67108864	83886080	16777216	83886080	83886080	100663296	167772160	117440512	33554432	83886080	16777216	134217728	167772160	83886080	117440512	117440512	16777216	67108864	16777216	167772160	100663296	67108864	150994944	33554432	0	16777216	117440512	16777216	83886080	50331648	0	16777216	83886080	83886080	150994944	100663296	134217728	100663296	50331648	167772160	67108864	83886080	33554432	0	33554432	16777216	0	0	150994944	0	16777216	33554432	0	33554432	16777216	0	0	0	16777216	33554432	0	33554432	16777216	16777216	0	33554432	33554432	33554432	0	33554432	16777216	0	0	0	16777216	0	16777216	0	0	0	33554432	150994944	33554432	50331648	117440512	83886080	167772160	100663296	83886080	33554432	0	134217728	117440512	150994944	0	100663296	100663296	33554432	100663296	0	0	134217728	150994944	150994944	33554432	33554432	0	134217728	83886080	67108864	67108864	150994944	150994944	33554432	4194304	16777216	67108864	83886080	16777216	16777216	83886080	17301504	167772160	93113548	31037849	83886080	16777216	134217728	134217728	10485760	117440512	117440512	16777216	67108864	16777216	16777216	100663296	67108864	16777216	5767168	0	2097152	117440512	16777216	83886080	4194304	0	0	83886080	83886080	83886080	83886080	74658611	74658611	50331648	167772160	62075699	0	33554432	0	0	0	0	0	12582912
16777216	16777216	67108864	16777216	50331648	50331648	167772160	100663296	167772160	16777216	167772160	150994944	117440512	67108864	83886080	33554432	0	167772160	0	117440512	33554432	33554432	33554432	33554432	0	167772160	134217728	167772160	83886080	16777216	16777216	100663296	50331648	167772160	83886080	100663296	83886080	67108864	100663296	67108864	83886080	117440512	100663296	33554432	167772160	134217728	0	167772160	33554432	150994944	16777216	0	67108864	117440512	100663296	33554432	50331648	167772160	100663296	100663296	100663296	100663296	150994944	33554432	16777216	50331648	134217728	117440512	117440512	167772160	150994944	33554432	100663296	83886080	83886080	33554432	16777216	167772160	134217728	16777216	134217728	0	67108864	16777216	0	0	0	0	0	0	0	0	0	0	0	0	0	0	0	0	0	0	0	0	0	0	0	0	0	0	0	0	0	0	0	0	16777216	16777216	67108864	16777216	50331648	50331648	16777216	50331648	167772160	16777216	167772160	150994944	117440512	67108864	83886080	33554432	0	167772160	0	0	33554432	33554432	33554432	33554432	0	9320675	134217728	134217728	83886080	16777216	16777216	100663296	16777216	9320675	83886080	100663296	83886080	67108864	67108864	67108864	33554432	117440512	88546417	1864135	167772160	134217728	0	0	7456540	150994944	16777216	0	67108864	67108864	0	33554432	33554432	0	5592405	33554432	0	100663296	100663296	33554432	16777216	7456540	7456540	117440512	117440512	117440512	117440512	28894094	0	83886080	83886080	0	0	0	0	0	0	0	0	0
150994944	16777216	100663296	167772160	100663296	167772160	134217728	100663296	16777216	83886080	50331648	50331648	16777216	16777216	117440512	134217728	0	16777216	134217728	167772160	67108864	16777216	100663296	83886080	150994944	83886080	0	100663296	50331648	67108864	33554432	67108864	117440512	16777216	50331648	33554432	134217728	50331648	0	150994944	150994944	134217728	50331648	67108864	83886080	150994944	150994944	134217728	50331648	150994944	150994944	150994944	134217728	134217728	150994944	150994944	16777216	134217728	67108864	67108864	117440512	100663296	83886080	167772160	167772160	67108864	67108864	0	83886080	50331648	33554432	33554432	33554432	16777216	100663296	167772160	134217728	134217728	50331648	100663296	16777216	167772160	83886080	50331648	0	33554432	16777216	0	33554432	0	33554432	16777216	16777216	33554432	16777216	0	0	33554432	16777216	33554432	0	0	16777216	0	0	33554432	0	16777216	0	33554432	16777216	33554432	0	33554432	16777216	0	150994944	16777216	100663296	167772160	100663296	167772160	134217728	100663296	16777216	3226387	50331648	50331648	16777216	16777216	117440512	16777216	0	16777216	1973790	1973790	67108864	16777216	16777216	83886080	150994944	3226387	0	0	50331648	67108864	33554432	67108864	117440512	16777216	14803425	33554432	134217728	50331648	0	150994944	5807497	134217728	50331648	31690296	83886080	150994944	150994944	83886080	1935832	150994944	150994944	150994944	134217728	134217728	16777216	150994944	16777216	16777216	2581110	67108864	0	100663296	83886080	167772160	71176067	67108864	67108864	0	83886080	50331648	0	33554432	33554432	16777216	100663296	18641351	50331648	50331648	50331648	50331648	7117606	167772160	9320675	5592405
134217728	100663296	16777216	167772160	0	50331648	67108864	117440512	16777216	167772160	33554432	167772160	100663296	67108864	83886080	0	134217728	134217728	150994944	50331648	50331648	150994944	100663296	67108864	117440512	83886080	50331648	83886080	100663296	100663296	67108864	100663296	150994944	33554432	150994944	67108864	117440512	117440512	33554432	83886080	16777216	16777216	83886080	0	16777216	167772160	150994944	150994944	50331648	150994944	0	117440512	117440512	150994944	0	100663296	0	16777216	134217728	16777216	117440512	0	150994944	150994944	167772160	117440512	83886080	167772160	150994944	134217728	134217728	0	0	50331648	150994944	134217728	150994944	67108864	50331648	0	167772160	83886080	67108864	100663296	0	0	0	0	0	0	0	0	0	0	0	0	0	0	0	0	0	0	0	0	0	0	0	0	0	0	0	0	0	0	0	0	134217728	100663296	16777216	167772160	0	16777216	67108864	0	16777216	6213783	33554432	33554432	100663296	67108864	83886080	0	0	134217728	23488102	23488102	50331648	150994944	100663296	67108864	50331648	3106891	50331648	50331648	100663296	100663296	67108864	100663296	18175317	16311182	110729625	67108864	67108864	117440512	33554432	83886080	621378	16777216	0	0	16777216	167772160	150994944	16777216	1864135	150994944	0	117440512	117440512	117440512	0	100663296	0	0	4971026	16777216	0	0	0	150994944	0	117440512	82487978	167772160	150994944	134217728	134217728	0	0	50331648	50331648	0	16777216	24466773	24466773	0	0	83886080	0	0
50331648	150994944	117440512	134217728	100663296	33554432	100663296	16777216	50331648	83886080	16777216	0	117440512	83886080	33554432	150994944	117440512	16777216	16777216	16777216	16777216	117440512	0	83886080	117440512	67108864	16777216	0	150994944	50331648	33554432	134217728	83886080	16777216	33554432	33554432	117440512	83886080	83886080	150994944	83886080	0	50331648	67108864	150994944	117440512	67108864	167772160	50331648	83886080	33554432	117440512	117440512	150994944	0	150994944	100663296	67108864	83886080	150994944	16777216	150994944	167772160	117440512	134217728	0	16777216	83886080	134217728	50331648	67108864	67108864	134217728	83886080	150994944	50331648	100663296	134217728	117440512	100663296	83886080	134217728	0	83886080	16777216	16777216	33554432	16777216	0	0	33554432	33554432	0	16777216	0	33554432	0	16777216	33554432	0	0	0	16777216	0	16777216	16777216	16777216	33554432	33554432	16777216	0	16777216	0	0	0	0	50331648	150994944	117440512	134217728	100663296	33554432	100663296	16777216	50331648	83886080	16777216	0	117440512	83886080	33554432	33554432	33554432	16777216	16777216	16777216	16777216	117440512	0	83886080	117440512	46976204	16777216	0	150994944	50331648	33554432	134217728	83886080	11744051	33554432	33554432	117440512	83886080	83886080	150994944	83886080	0	0	0	150994944	117440512	67108864	67108864	50331648	83886080	33554432	117440512	117440512	117440512	0	150994944	100663296	0	58720256	150994944	16777216	150994944	167772160	117440512	117440512	0	0	83886080	134217728	50331648	50331648	0	0	83886080	150994944	0	0	134217728	117440512	0	0	134217728	0	0
33554432	16777216	134217728	83886080	50331648	134217728	50331648	16777216	167772160	167772160	100663296	134217728	67108864	0	167772160	150994944	150994944	33554432	100663296	33554432	100663296	134217728	33554432	83886080	16777216	83886080	100663296	167772160	167772160	83886080	16777216	0	50331648	83886080	16777216	67108864	83886080	167772160	50331648	134217728	134217728	0	100663296	33554432	16777216	134217728	150994944	100663296	134217728	0	167772160	67108864	167772160	0	16777216	100663296	67108864	167772160	167772160	33554432	117440512	33554432	150994944	67108864	67108864	117440512	67108864	117440512	16777216	0	50331648	150994944	50331648	134217728	33554432	150994944	50331648	100663296	50331648	33554432	100663296	100663296	117440512	167772160	0	0	0	0	0	0	0	0	0	0	0	0	0	0	0	0	0	0	0	0	0	0	0	0	0	0	0	0	0	0	0	0	33554432	16777216	134217728	83886080	50331648	134217728	50331648	16777216	167772160	65244728	100663296	100663296	67108864	0	167772160	0	0	33554432	22369621	22369621	67108864	134217728	33554432	83886080	16777216	16777216	100663296	100663296	167772160	83886080	16777216	0	0	0	11184810	67108864	67108864	167772160	50331648	134217728	52195783	0	0	0	16777216	134217728	134217728	16777216	0	0	0	67108864	167772160	0	0	100663296	67108864	0	33554432	33554432	0	33554432	33554432	67108864	33554432	0	0	117440512	16777216	0	0	0	0	134217728	33554432	0	0	8388608	8388608	0	0	100663296	0	0
33554432	67108864	50331648	134217728	0	0	167772160	83886080	150994944	33554432	50331648	134217728	16777216	100663296	67108864	67108864	134217728	100663296	83886080	167772160	16777216	67108864	134217728	33554432	117440512	117440512	134217728	50331648	33554432	134217728	117440512	50331648	83886080	16777216	67108864	83886080	0	150994944	67108864	67108864	67108864	67108864	134217728	0	150994944	83886080	150994944	33554432	0	16777216	167772160	83886080	83886080	117440512	33554432	67108864	50331648	100663296	150994944	16777216	150994944	83886080	150994944	33554432	50331648	33554432	67108864	134217728	167772160	117440512	167772160	167772160	50331648	50331648	167772160	0	33554432	117440512	117440512	134217728	100663296	167772160	150994944	134217728	0	0	0	33554432	0	0	16777216	33554432	33554432	33554432	16777216	16777216	16777216	33554432	33554432	16777216	33554432	33554432	16777216	0	16777216	16777216	0	33554432	0	33554432	16777216	0	16777216	33554432	33554432	16777216	33554432	67108864	50331648	134217728	0	0	167772160	83886080	150994944	13726813	50331648	134217728	16777216	100663296	67108864	67108864	67108864	100663296	69345826	69345826	16777216	67108864	67108864	33554432	117440512	48043845	134217728	50331648	33554432	134217728	117440512	50331648	83886080	3813003	31317469	83886080	0	150994944	67108864	67108864	27453626	67108864	134217728	0	150994944	83886080	150994944	33554432	0	16777216	167772160	83886080	83886080	117440512	33554432	67108864	50331648	22878021	61770658	16777216	34317032	83886080	83886080	33554432	37322576	33554432	33554432	134217728	167772160	117440512	117440512	167772160	50331648	50331648	167772160	0	33554432	117440512	117440512	22878021	22878021	167772160	26646166	23685481
134217728	0	0	50331648	150994944	50331648	50331648	83886080	16777216	83886080	83886080	83886080	50331648	67108864	117440512	50331648	0	100663296	150994944	150994944	16777216	67108864	167772160	117440512	134217728	50331648	167772160	67108864	100663296	150994944	16777216	67108864	0	117440512	117440512	134217728	16777216	134217728	67108864	150994944	33554432	83886080	83886080	0	50331648	83886080	150994944	0	67108864	50331648	0	117440512	33554432	33554432	100663296	67108864	33554432	117440512	67108864	100663296	16777216	100663296	16777216	67108864	0	67108864	100663296	117440512	167772160	33554432	50331648	83886080	0	150994944	0	100663296	0	0	167772160	50331648	150994944	50331648	67108864	134217728	0	0	0	0	0	0	0	0	0	0	0	0	0	0	0	0	0	0	0	0	0	0	0	0	0	0	0	0	0	0	0	0	134217728	0	0	50331648	150994944	0	50331648	83886080	16777216	5991862	83886080	83886080	50331648	67108864	117440512	50331648	0	100663296	52305438	52305438	16777216	67108864	67108864	117440512	16777216	3595117	167772160	67108864	100663296	100663296	16777216	67108864	0	0	48357857	134217728	16777216	134217728	67108864	150994944	2396745	83886080	0	0	50331648	83886080	83886080	0	0	50331648	0	117440512	33554432	33554432	0	67108864	33554432	0	4793490	100663296	0	100663296	16777216	67108864	0	67108864	67108864	117440512	167772160	33554432	33554432	83886080	0	150994944	0	0	0	0	0	0	0	50331648	0	0
83886080	167772160	50331648	100663296	16777216	117440512	67108864	167772160	67108864	50331648	67108864	117440512	134217728	50331648	150994944	0	67108864	167772160	33554432	117440512	50331648	67108864	0	16777216	50331648	67108864	100663296	150994944	100663296	50331648	33554432	100663296	134217728	100663296	50331648	67108864	33554432	167772160	33554432	33554432	50331648	0	33554432	50331648	83886080	16777216	0	167772160	16777216	50331648	0	167772160	0	33554432	167772160	50331648	16777216	33554432	16777216	167772160	50331648	67108864	134217728	117440512	50331648	16777216	67108864	0	100663296	100663296	33554432	16777216	33554432	134217728	16777216	0	0	100663296	16777216	33554432	167772160	117440512	150994944	167772160	16777216	0	16777216	33554432	16777216	16777216	0	16777216	0	16777216	33554432	33554432	33554432	33554432	33554432	0	33554432	0	16777216	33554432	16777216	0	16777216	33554432	0	33554432	0	33554432	33554432	16777216	33554432	0	83886080	167772160	50331648	100663296	16777216	117440512	67108864	167772160	67108864	50331648	67108864	117440512	134217728	50331648	150994944	0	0	167772160	33554432	33554432	50331648	67108864	0	16777216	50331648	13421772	100663296	150994944	100663296	50331648	33554432	100663296	33554432	20132659	50331648	67108864	33554432	167772160	33554432	33554432	50331648	0	0	0	83886080	16777216	0	0	4473924	50331648	0	167772160	0	33554432	33554432	50331648	16777216	8947848	3355443	167772160	0	67108864	67108864	117440512	50331648	13421772	13421772	0	100663296	100663296	33554432	0	0	134217728	16777216	0	0	0	0	0	0	117440512	0	0
117440512	167772160	83886080	33554432	67108864	83886080	16777216	134217728	167772160	33554432	83886080	117440512	150994944	16777216	50331648	16777216	167772160	167772160	16777216	167772160	150994944	33554432	134217728	134217728	67108864	0	50331648	117440512	67108864	16777216	0	16777216	100663296	167772160	16777216	134217728	117440512	50331648	16777216	150994944	134217728	67108864	117440512	134217728	100663296	16777216	16777216	83886080	117440512	0	67108864	50331648	167772160	83886080	67108864	33554432	50331648	50331648	33554432	50331648	0	100663296	150994944	167772160	134217728	16777216	16777216	16777216	16777216	83886080	167772160	67108864	33554432	167772160	83886080	117440512	83886080	83886080	167772160	50331648	33554432	100663296	0	67108864	0	0	0	0	0	0	0	0	0	0	0	0	0	0	0	0	0	0	0	0	0	0	0	0	0	0	0	0	0	0	0	0	117440512	117440512	83886080	33554432	67108864	83886080	16777216	67108864	167772160	28978827	83886080	83886080	150994944	16777216	50331648	16777216	16777216	167772160	16777216	16777216	150994944	33554432	33554432	134217728	67108864	0	50331648	50331648	67108864	16777216	0	16777216	0	0	16777216	134217728	117440512	50331648	16777216	150994944	109814504	67108864	38716652	20648881	100663296	16777216	16777216	16777216	0	0	0	50331648	167772160	83886080	0	33554432	33554432	0	28978827	41180439	0	100663296	100663296	167772160	90338855	16777216	16777216	16777216	16777216	16777216	16777216	28392211	28392211	167772160	83886080	18067771	0	0	0	0	0	100663296	0	10324440
100663296	167772160	100663296	83886080	117440512	117440512	100663296	167772160	167772160	0	16777216	33554432	134217728	117440512	0	100663296	134217728	33554432	67108864	16777216	16777216	67108864	83886080	117440512	134217728	167772160	0	0	100663296	33554432	16777216	117440512	167772160	117440512	50331648	50331648	83886080	167772160	83886080	100663296	100663296	50331648	117440512	167772160	167772160	67108864	50331648	0	117440512	150994944	150994944	100663296	134217728	50331648	117440512	67108864	167772160	33554432	100663296	150994944	167772160	117440512	167772160	67108864	16777216	50331648	0	167772160	67108864	33554432	83886080	0	50331648	0	117440512	50331648	67108864	83886080	150994944	167772160	100663296	167772160	0	83886080	33554432	0	33554432	16777216	0	33554432	33554432	16777216	33554432	16777216	33554432	16777216	16777216	0	33554432	33554432	33554432	0	33554432	33554432	33554432	16777216	16777216	0	33554432	0	0	0	33554432	33554432	33554432	33554432	100663296	100663296	100663296	83886080	117440512	117440512	100663296	167772160	167772160	0	16777216	33554432	134217728	117440512	0	0	0	33554432	67108864	16777216	16777216	67108864	83886080	117440512	134217728	53272481	0	0	100663296	33554432	16777216	117440512	107653802	34253482	50331648	50331648	50331648	167772160	83886080	100663296	100663296	50331648	117440512	53272481	167772160	67108864	50331648	0	34253482	150994944	150994944	100663296	134217728	50331648	9786709	67108864	167772160	9786709	31963489	150994944	0	117440512	117440512	67108864	16777216	15981744	0	167772160	67108864	33554432	33554432	0	0	0	117440512	0	67108864	83886080	83886080	29360128	29360128	167772160	0	0
50331648	167772160	150994944	33554432	83886080	100663296	33554432	167772160	134217728	167772160	134217728	67108864	117440512	16777216	167772160	100663296	0	67108864	67108864	134217728	83886080	134217728	0	0	134217728	50331648	0	167772160	167772160	117440512	67108864	117440512	33554432	117440512	167772160	16777216	33554432	150994944	0	33554432	167772160	83886080	83886080	33554432	33554432	67108864	167772160	100663296	67108864	33554432	117440512	83886080	67108864	100663296	67108864	100663296	117440512	67108864	67108864	117440512	134217728	50331648	167772160	50331648	167772160	16777216	50331648	150994944	33554432	33554432	117440512	167772160	0	134217728	16777216	167772160	134217728	0	0	83886080	117440512	150994944	134217728	167772160	0	0	0	0	0	0	0	0	0	0	0	0	0	0	0	0	0	0	0	0	0	0	0	0	0	0	0	0	0	0	0	0	50331648	50331648	150994944	33554432	83886080	100663296	33554432	83886080	134217728	83886080	134217728	67108864	117440512	16777216	167772160	16777216	0	67108864	1458888	1458888	83886080	134217728	0	0	0	0	0	0	167772160	117440512	67108864	117440512	33554432	0	65649975	16777216	16777216	150994944	0	33554432	33554432	83886080	0	0	33554432	67108864	67108864	33554432	16777216	33554432	33554432	83886080	67108864	67108864	67108864	100663296	100663296	16777216	0	0	0	50331648	50331648	50331648	50331648	0	0	150994944	33554432	33554432	33554432	83886080	0	134217728	16777216	0	0	0	0	0	0	150994944	0	0
150994944	150994944	100663296	0	33554432	67108864	83886080	83886080	50331648	100663296	67108864	33554432	100663296	16777216	100663296	33554432	83886080	150994944	134217728	83886080	50331648	33554432	33554432	67108864	100663296	0	16777216	117440512	134217728	33554432	83886080	134217728	33554432	150994944	134217728	167772160	16777216	33554432	83886080	167772160	0	117440512	16777216	150994944	83886080	134217728	167772160	83886080	100663296	117440512	67108864	50331648	67108864	100663296	117440512	117440512	16777216	33554432	83886080	117440512	16777216	50331648	117440512	167772160	33554432	117440512	100663296	150994944	50331648	67108864	16777216	83886080	83886080	0	67108864	167772160	33554432	33554432	67108864	167772160	150994944	150994944	0	67108864	33554432	0	33554432	16777216	0	0	0	33554432	16777216	33554432	0	0	16777216	16777216	0	33554432	33554432	16777216	0	33554432	16777216	0	0	0	33554432	33554432	16777216	16777216	16777216	16777216	33554432	16777216	150994944	150994944	100663296	0	33554432	67108864	83886080	33554432	50331648	23386422	67108864	33554432	100663296	16777216	100663296	33554432	33554432	150994944	134217728	83886080	50331648	33554432	33554432	67108864	100663296	0	16777216	16777216	134217728	33554432	83886080	134217728	33554432	11184810	134217728	167772160	16777216	33554432	83886080	167772160	0	117440512	16777216	16777216	83886080	134217728	167772160	83886080	7456540	117440512	67108864	50331648	67108864	100663296	25081090	117440512	16777216	2485513	19488685	117440512	1242756	50331648	50331648	167772160	13048945	75582205	75582205	150994944	50331648	67108864	16777216	83886080	83886080	0	0	0	33554432	25165824	25165824	11184810	11184810	150994944	0	26097891
67108864	0	100663296	100663296	67108864	167772160	117440512	100663296	0	16777216	16777216	50331648	50331648	16777216	83886080	50331648	33554432	0	150994944	134217728	0	167772160	150994944	83886080	67108864	134217728	33554432	67108864	67108864	33554432	0	150994944	83886080	67108864	16777216	134217728	16777216	16777216	83886080	167772160	150994944	50331648	117440512	50331648	117440512	50331648	134217728	100663296	100663296	0	117440512	50331648	33554432	67108864	33554432	117440512	50331648	134217728	117440512	50331648	100663296	150994944	100663296	0	167772160	134217728	100663296	0	167772160	83886080	33554432	117440512	50331648	100663296	0	33554432	50331648	100663296	67108864	50331648	0	33554432	0	134217728	0	0	0	0	0	0	0	0	0	0	0	0	0	0	0	0	0	0	0	0	0	0	0	0	0	0	0	0	0	0	0	0	67108864	0	100663296	100663296	67108864	100663296	100663296	67108864	0	0	16777216	16777216	50331648	16777216	83886080	16777216	16777216	0	0	0	0	167772160	150994944	83886080	33554432	0	33554432	33554432	67108864	33554432	0	150994944	0	0	0	134217728	16777216	16777216	16777216	167772160	0	50331648	13726813	13726813	117440512	50331648	50331648	50331648	0	0	0	50331648	33554432	33554432	13726813	117440512	50331648	0	0	50331648	0	150994944	100663296	0	0	134217728	100663296	0	167772160	83886080	0	36604834	36604834	100663296	0	0	0	0	0	0	0	33554432	0	36604834
83886080	0	100663296	0	83886080	50331648	0	83886080	50331648	134217728	117440512	100663296	33554432	83886080	150994944	117440512	67108864	0	16777216	33554432	100663296	16777216	83886080	150994944	16777216	117440512	83886080	100663296	50331648	0	33554432	50331648	0	16777216	0	16777216	50331648	67108864	16777216	16777216	167772160	67108864	33554432	50331648	33554432	100663296	134217728	16777216	100663296	33554432	134217728	150994944	117440512	100663296	16777216	167772160	100663296	100663296	167772160	16777216	67108864	150994944	117440512	83886080	134217728	0	67108864	117440512	150994944	117440512	167772160	33554432	67108864	83886080	134217728	117440512	50331648	83886080	33554432	117440512	100663296	150994944	167772160	67108864	16777216	33554432	0	16777216	16777216	0	0	33554432	16777216	33554432	16777216	16777216	0	0	16777216	16777216	16777216	33554432	16777216	0	33554432	0	16777216	0	0	33554432	33554432	0	33554432	0	0	16777216	83886080	0	100663296	0	83886080	50331648	0	83886080	50331648	134217728	117440512	100663296	33554432	83886080	150994944	117440512	67108864	0	0	0	33554432	16777216	16777216	150994944	16777216	11744051	83886080	83886080	50331648	0	33554432	50331648	0	0	0	16777216	16777216	67108864	16777216	16777216	167772160	67108864	33554432	5033164	33554432	100663296	134217728	16777216	0	33554432	134217728	150994944	117440512	100663296	16777216	167772160	100663296	0	16777216	16777216	0	150994944	117440512	83886080	111049191	0	0	117440512	150994944	117440512	117440512	33554432	33554432	83886080	83886080	11184810	50331648	16777216	16777216	0	0	150994944	15978300	6391320
16777216	50331648	167772160	67108864	67108864	150994944	134217728	83886080	50331648	150994944	100663296	134217728	117440512	134217728	150994944	0	83886080	134217728	83886080	67108864	33554432	167772160	0	117440512	150994944	33554432	50331648	33554432	50331648	167772160	150994944	50331648	100663296	150994944	50331648	100663296	33554432	117440512	0	33554432	67108864	100663296	117440512	117440512	100663296	33554432	83886080	67108864	150994944	50331648	100663296	83886080	67108864	16777216	50331648	150994944	134217728	33554432	134217728	33554432	83886080	67108864	83886080	100663296	83886080	50331648	16777216	134217728	83886080	50331648	50331648	150994944	150994944	16777216	134217728	117440512	16777216	150994944	67108864	134217728	100663296	134217728	134217728	83886080	0	0	0	0	0	0	0	0	0	0	0	0	0	0	0	0	0	0	0	0	0	0	0	0	0	0	0	0	0	0	0	0	16777216	16777216	167772160	67108864	67108864	150994944	67108864	67108864	50331648	14155776	100663296	100663296	117440512	134217728	150994944	0	0	134217728	83886080	67108864	33554432	167772160	0	117440512	90177536	3145728	50331648	33554432	50331648	50331648	150994944	50331648	45134643	16574054	50331648	100663296	33554432	117440512	0	33554432	6291456	100663296	41649220	24872004	100663296	33554432	33554432	33554432	14155776	50331648	50331648	83886080	67108864	16777216	3355443	150994944	134217728	3355443	12582912	27262976	0	67108864	67108864	100663296	38293777	21953467	1841561	134217728	83886080	50331648	50331648	47964706	47964706	16777216	16777216	16777216	11049369	21516561	21516561	11049369	11049369	134217728	13421772	17765717
0	150994944	117440512	83886080	100663296	33554432	117440512	33554432	83886080	67108864	167772160	134217728	33554432	117440512	100663296	167772160	33554432	167772160	0	83886080	0	167772160	134217728	134217728	50331648	16777216	16777216	117440512	167772160	134217728	167772160	33554432	16777216	50331648	83886080	16777216	67108864	16777216	167772160	167772160	167772160	67108864	16777216	83886080	134217728	16777216	167772160	0	0	67108864	0	134217728	50331648	0	0	134217728	67108864	100663296	100663296	0	100663296	16777216	117440512	117440512	100663296	0	150994944	16777216	150994944	33554432	67108864	83886080	83886080	50331648	50331648	50331648	0	100663296	33554432	16777216	33554432	0	67108864	67108864	0	16777216	16777216	16777216	16777216	16777216	33554432	0	16777216	16777216	0	0	16777216	33554432	16777216	33554432	16777216	16777216	16777216	0	0	33554432	33554432	0	0	33554432	0	16777216	33554432	0	0	0	0	150994944	117440512	83886080	100663296	33554432	117440512	33554432	83886080	67108864	167772160	134217728	33554432	117440512	100663296	167772160	33554432	167772160	0	0	0	167772160	134217728	134217728	50331648	16777216	16777216	117440512	167772160	134217728	167772160	33554432	16777216	5592405	83886080	16777216	67108864	16777216	16777216	167772160	167772160	67108864	16777216	10485760	134217728	16777216	167772160	0	0	67108864	0	134217728	50331648	0	0	134217728	67108864	0	100663296	0	11184810	16777216	117440512	117440512	70464307	0	0	16777216	150994944	33554432	33554432	83886080	83886080	50331648	50331648	6291456	0	50331648	33554432	0	0	0	0	46976204
83886080	16777216	67108864	150994944	83886080	100663296	100663296	50331648	83886080	0	83886080	16777216	117440512	167772160	0	0	117440512	83886080	150994944	167772160	150994944	83886080	0	50331648	0	16777216	134217728	83886080	150994944	50331648	50331648	33554432	67108864	67108864	0	16777216	100663296	150994944	16777216	134217728	117440512	150994944	150994944	16777216	0	0	100663296	134217728	67108864	100663296	167772160	83886080	100663296	150994944	33554432	0	33554432	150994944	33554432	83886080	83886080	83886080	100663296	150994944	167772160	167772160	167772160	33554432	67108864	83886080	150994944	16777216	33554432	100663296	117440512	50331648	167772160	100663296	33554432	117440512	83886080	50331648	16777216	16777216	0	0	0	0	0	0	0	0	0	0	0	0	0	0	0	0	0	0	0	0	0	0	0	0	0	0	0	0	0	0	0	0	83886080	16777216	67108864	150994944	83886080	67108864	100663296	50331648	83886080	0	83886080	16777216	117440512	167772160	0	0	0	83886080	83886080	83886080	117440512	83886080	0	50331648	0	0	134217728	83886080	150994944	50331648	50331648	33554432	33554432	0	0	16777216	16777216	150994944	16777216	134217728	53382050	150994944	75497472	0	0	0	0	0	30504029	100663296	100663296	83886080	100663296	100663296	0	0	0	0	0	50331648	0	83886080	83886080	150994944	80530636	0	0	33554432	67108864	67108864	33554432	16777216	16777216	100663296	100663296	10066329	58720256	8388608	8388608	3050402	0	50331648	3355443	3355443
100663296	83886080	33554432	134217728	33554432	100663296	67108864	67108864	134217728	16777216	83886080	150994944	117440512	67108864	0	83886080	16777216	117440512	0	150994944	117440512	100663296	0	50331648	83886080	16777216	33554432	67108864	67108864	83886080	33554432	83886080	0	150994944	67108864	83886080	150994944	50331648	134217728	83886080	167772160	83886080	167772160	16777216	16777216	0	117440512	134217728	117440512	16777216	134217728	33554432	150994944	33554432	150994944	67108864	50331648	33554432	67108864	150994944	83886080	150994944	50331648	50331648	50331648	50331648	117440512	0	100663296	100663296	117440512	67108864	0	150994944	117440512	50331648	33554432	0	117440512	16777216	33554432	100663296	167772160	0	33554432	16777216	33554432	16777216	0	0	16777216	16777216	16777216	33554432	33554432	0	0	33554432	16777216	0	33554432	16777216	16777216	16777216	33554432	0	33554432	16777216	33554432	33554432	16777216	16777216	0	16777216	0	0	100663296	83886080	33554432	134217728	33554432	100663296	67108864	67108864	134217728	16777216	83886080	83886080	117440512	67108864	0	0	0	117440512	0	0	117440512	100663296	0	50331648	83886080	6452775	33554432	33554432	67108864	83886080	33554432	83886080	0	0	67108864	83886080	150994944	50331648	134217728	83886080	167772160	83886080	15056475	6452775	16777216	0	117440512	16777216	0	16777216	134217728	33554432	150994944	33554432	33554432	67108864	50331648	0	25811101	150994944	0	150994944	50331648	50331648	50331648	45169427	45169427	0	100663296	100663296	100663296	67108864	0	150994944	117440512	0	1720740	0	0	0	0	100663296	0	0
117440512	67108864	167772160	100663296	67108864	0	150994944	83886080	134217728	100663296	67108864	134217728	83886080	167772160	50331648	50331648	100663296	50331648	0	167772160	117440512	150994944	100663296	134217728	67108864	67108864	134217728	50331648	150994944	0	150994944	134217728	67108864	50331648	117440512	50331648	16777216	117440512	117440512	83886080	16777216	167772160	134217728	16777216	117440512	33554432	100663296	0	167772160	67108864	33554432	117440512	150994944	33554432	117440512	0	134217728	67108864	150994944	134217728	100663296	117440512	67108864	67108864	50331648	134217728	16777216	0	83886080	0	16777216	100663296	0	134217728	83886080	134217728	33554432	67108864	100663296	50331648	167772160	167772160	100663296	50331648	0	0	0	0	0	0	0	0	0	0	0	0	0	0	0	0	0	0	0	0	0	0	0	0	0	0	0	0	0	0	0	0	117440512	67108864	167772160	100663296	67108864	0	100663296	67108864	134217728	33323022	67108864	67108864	83886080	167772160	50331648	50331648	50331648	50331648	0	0	83886080	150994944	100663296	134217728	55885485	22215348	134217728	50331648	150994944	0	150994944	134217728	67108864	6942296	50331648	50331648	16777216	117440512	117440512	83886080	5553837	167772160	38529744	16777216	117440512	33554432	33554432	0	23140987	67108864	33554432	117440512	150994944	33554432	33554432	0	0	0	49984533	78332242	13884592	117440512	67108864	67108864	43967876	37488399	16777216	0	83886080	0	0	100663296	0	134217728	83886080	0	28579119	41943040	41943040	23140987	23140987	167772160	0	0
117440512	117440512	50331648	67108864	150994944	67108864	0	33554432	150994944	33554432	50331648	0	83886080	150994944	150994944	100663296	33554432	117440512	150994944	0	134217728	117440512	67108864	83886080	117440512	167772160	33554432	67108864	0	83886080	100663296	50331648	100663296	0	50331648	33554432	134217728	16777216	0	0	150994944	16777216	100663296	33554432	83886080	100663296	50331648	134217728	150994944	134217728	50331648	33554432	117440512	0	117440512	150994944	134217728	83886080	100663296	117440512	134217728	16777216	33554432	150994944	83886080	167772160	16777216	167772160	33554432	0	16777216	50331648	134217728	83886080	67108864	67108864	117440512	117440512	67108864	117440512	16777216	167772160	67108864	150994944	33554432	33554432	33554432	16777216	0	16777216	33554432	16777216	16777216	0	16777216	16777216	16777216	33554432	0	16777216	0	33554432	16777216	16777216	0	16777216	0	0	0	16777216	33554432	0	16777216	16777216	33554432	33554432	117440512	117440512	50331648	67108864	150994944	50331648	0	33554432	150994944	9403526	50331648	0	83886080	150994944	150994944	100663296	33554432	117440512	88080384	0	134217728	117440512	67108864	83886080	117440512	47017630	33554432	67108864	0	83886080	100663296	50331648	47659721	0	29360128	33554432	33554432	16777216	0	0	42315867	16777216	100663296	33554432	83886080	100663296	50331648	50331648	24047342	134217728	50331648	33554432	117440512	0	0	150994944	134217728	0	28210578	117440512	21375415	16777216	33554432	150994944	11184810	73529773	2671926	167772160	33554432	0	0	50331648	29080507	83886080	67108864	8947848	2236962	2236962	2236962	2236962	2236962	167772160	0	20132659
83886080	134217728	50331648	150994944	167772160	134217728	16777216	134217728	67108864	83886080	83886080	134217728	50331648	33554432	33554432	167772160	117440512	100663296	16777216	67108864	83886080	167772160	100663296	33554432	167772160	150994944	167772160	100663296	83886080	16777216	83886080	134217728	83886080	33554432	167772160	134217728	50331648	16777216	67108864	16777216	16777216	16777216	100663296	83886080	150994944	16777216	167772160	50331648	150994944	16777216	100663296	0	100663296	150994944	83886080	83886080	134217728	134217728	83886080	83886080	167772160	167772160	0	150994944	50331648	50331648	33554432	167772160	16777216	134217728	167772160	50331648	150994944	50331648	16777216	150994944	67108864	16777216	134217728	50331648	0	117440512	150994944	33554432	0	0	0	0	0	0	0	0	0	0	0	0	0	0	0	0	0	0	0	0	0	0	0	0	0	0	0	0	0	0	0	0	83886080	83886080	50331648	150994944	167772160	50331648	16777216	134217728	67108864	11570493	83886080	83886080	50331648	33554432	33554432	33554432	33554432	100663296	16777216	16777216	50331648	167772160	100663296	33554432	19091314	20826888	167772160	100663296	83886080	16777216	83886080	134217728	83886080	29504759	83886080	134217728	50331648	16777216	16777216	16777216	2314098	16777216	16777216	16777216	150994944	16777216	16777216	16777216	20826888	16777216	16777216	0	100663296	100663296	0	83886080	83886080	0	11570493	14463117	33554432	167772160	0	150994944	0	41075252	33554432	167772160	16777216	16777216	16777216	0	0	50331648	16777216	0	0	0	0	0	0	117440512	0	0
16777216	150994944	16777216	100663296	50331648	83886080	83886080	150994944	134217728	16777216	16777216	167772160	134217728	167772160	0	150994944	117440512	117440512	117440512	150994944	150994944	150994944	67108864	83886080	167772160	167772160	117440512	150994944	33554432	117440512	117440512	134217728	167772160	134217728	167772160	67108864	33554432	150994944	117440512	50331648	100663296	16777216	50331648	167772160	50331648	50331648	50331648	167772160	117440512	117440512	100663296	134217728	0	167772160	100663296	83886080	150994944	134217728	83886080	134217728	117440512	134217728	117440512	67108864	33554432	100663296	83886080	67108864	50331648	0	150994944	33554432	0	134217728	0	67108864	33554432	16777216	33554432	16777216	16777216	117440512	117440512	150994944	0	33554432	0	33554432	0	0	0	16777216	16777216	0	0	16777216	16777216	0	0	33554432	0	33554432	16777216	16777216	16777216	0	33554432	16777216	16777216	33554432	0	0	33554432	33554432	16777216	0	16777216	16777216	16777216	100663296	50331648	16777216	83886080	50331648	134217728	16777216	16777216	167772160	134217728	167772160	0	0	0	117440512	117440512	117440512	134217728	150994944	67108864	83886080	167772160	71948445	117440512	117440512	33554432	117440512	117440512	134217728	108406626	36135542	167772160	67108864	33554432	150994944	117440512	50331648	100663296	16777216	50331648	50331648	50331648	50331648	50331648	50331648	31618599	117440512	100663296	134217728	0	167772160	100663296	83886080	150994944	36135542	35974222	134217728	0	134217728	117440512	67108864	33554432	35974222	35974222	67108864	50331648	0	0	33554432	0	134217728	0	0	33554432	4516942	4516942	4516942	4516942	117440512	0	0
150994944	33554432	167772160	150994944	0	134217728	83886080	50331648	83886080	167772160	67108864	83886080	16777216	0	50331648	83886080	167772160	67108864	50331648	100663296	167772160	134217728	117440512	134217728	100663296	150994944	150994944	83886080	67108864	0	67108864	167772160	100663296	16777216	0	50331648	16777216	100663296	100663296	50331648	67108864	50331648	50331648	150994944	67108864	67108864	134217728	100663296	67108864	117440512	100663296	134217728	67108864	16777216	100663296	16777216	0	0	100663296	50331648	67108864	150994944	16777216	0	50331648	0	50331648	150994944	16777216	16777216	0	150994944	150994944	100663296	167772160	0	83886080	33554432	117440512	134217728	167772160	150994944	33554432	50331648	0	0	0	0	0	0	0	0	0	0	0	0	0	0	0	0	0	0	0	0	0	0	0	0	0	0	0	0	0	0	0	0	150994944	33554432	167772160	150994944	0	134217728	83886080	0	83886080	25420024	67108864	67108864	16777216	0	50331648	0	0	67108864	50331648	50331648	16777216	134217728	117440512	134217728	94054089	22878021	150994944	83886080	67108864	0	67108864	167772160	39850776	16777216	0	50331648	16777216	100663296	100663296	50331648	10168009	50331648	29360128	29360128	67108864	67108864	67108864	67108864	10168009	117440512	100663296	134217728	67108864	16777216	12582912	16777216	0	0	15252014	40163638	0	150994944	16777216	0	0	0	0	150994944	16777216	16777216	0	8065969	8065969	100663296	100663296	0	12905550	13629043	13629043	12905550	12905550	150994944	4194304	3871665
167772160	117440512	67108864	16777216	150994944	50331648	83886080	50331648	67108864	83886080	83886080	150994944	33554432	150994944	117440512	134217728	33554432	0	67108864	117440512	67108864	117440512	134217728	67108864	134217728	16777216	16777216	33554432	117440512	134217728	150994944	83886080	83886080	16777216	100663296	100663296	150994944	83886080	50331648	67108864	83886080	0	150994944	134217728	0	150994944	50331648	67108864	16777216	0	150994944	100663296	33554432	150994944	0	134217728	67108864	134217728	100663296	67108864	83886080	33554432	83886080	33554432	134217728	100663296	16777216	100663296	50331648	167772160	117440512	117440512	16777216	83886080	134217728	0	100663296	100663296	100663296	67108864	117440512	33554432	150994944	67108864	33554432	33554432	16777216	16777216	0	33554432	0	16777216	33554432	33554432	0	0	0	16777216	33554432	0	16777216	0	16777216	16777216	0	0	0	16777216	33554432	0	16777216	16777216	16777216	16777216	33554432	0	167772160	117440512	67108864	16777216	150994944	50331648	83886080	50331648	67108864	18641351	83886080	150994944	33554432	150994944	117440512	117440512	33554432	0	67108864	67108864	67108864	117440512	134217728	67108864	134217728	3728270	16777216	33554432	117440512	134217728	150994944	83886080	54059918	16777216	100663296	100663296	150994944	83886080	50331648	67108864	18641351	0	0	0	0	150994944	50331648	0	3728270	0	150994944	100663296	33554432	33554432	0	134217728	67108864	0	22369621	67108864	33554432	33554432	83886080	33554432	83886080	100663296	16777216	100663296	50331648	167772160	117440512	0	0	83886080	83886080	0	0	48467512	48467512	0	0	33554432	0	0
150994944	67108864	150994944	33554432	33554432	100663296	117440512	0	83886080	167772160	50331648	150994944	67108864	167772160	117440512	117440512	33554432	33554432	16777216	134217728	167772160	16777216	150994944	100663296	150994944	150994944	117440512	117440512	33554432	150994944	134217728	150994944	117440512	16777216	150994944	150994944	50331648	16777216	0	100663296	134217728	50331648	150994944	167772160	100663296	16777216	67108864	50331648	33554432	16777216	117440512	33554432	16777216	167772160	134217728	67108864	67108864	0	117440512	16777216	0	134217728	83886080	83886080	117440512	167772160	83886080	83886080	100663296	117440512	0	150994944	50331648	0	67108864	167772160	117440512	67108864	83886080	83886080	50331648	134217728	167772160	33554432	0	0	0	0	0	0	0	0	0	0	0	0	0	0	0	0	0	0	0	0	0	0	0	0	0	0	0	0	0	0	0	0	150994944	67108864	150994944	33554432	33554432	100663296	33554432	0	83886080	23301688	50331648	50331648	67108864	167772160	117440512	117440512	33554432	33554432	0	0	67108864	16777216	16777216	100663296	94471704	20971520	117440512	117440512	33554432	33554432	134217728	150994944	112580445	6191591	33554432	150994944	50331648	16777216	0	100663296	18641351	50331648	30525212	30525212	100663296	16777216	16777216	16777216	4660337	16777216	16777216	33554432	16777216	16777216	7456540	67108864	67108864	0	16311182	6191591	0	134217728	83886080	83886080	73400320	30957958	30957958	83886080	100663296	100663296	0	13514979	13514979	0	0	0	6291456	6291456	6291456	6291456	6291456	134217728	9320675	4194304
83886080	67108864	100663296	0	150994944	117440512	117440512	0	150994944	150994944	16777216	150994944	117440512	150994944	50331648	67108864	67108864	16777216	16777216	16777216	117440512	134217728	0	16777216	134217728	0	50331648	150994944	150994944	167772160	100663296	150994944	83886080	50331648	67108864	100663296	100663296	167772160	134217728	0	167772160	117440512	167772160	0	0	67108864	100663296	16777216	150994944	83886080	0	67108864	117440512	16777216	100663296	100663296	134217728	0	100663296	100663296	83886080	117440512	150994944	167772160	67108864	83886080	100663296	134217728	0	83886080	83886080	16777216	83886080	134217728	33554432	33554432	0	167772160	150994944	16777216	16777216	117440512	167772160	117440512	0	33554432	33554432	16777216	0	0	0	0	0	16777216	16777216	0	16777216	0	0	0	33554432	33554432	16777216	0	16777216	0	0	33554432	33554432	33554432	16777216	0	16777216	0	0	16777216	83886080	67108864	100663296	0	150994944	117440512	117440512	0	150994944	46993324	16777216	16777216	117440512	150994944	50331648	50331648	50331648	16777216	16777216	16777216	117440512	134217728	0	16777216	11983725	0	50331648	50331648	150994944	150994944	100663296	150994944	83886080	2396745	67108864	100663296	100663296	167772160	134217728	0	52214804	117440512	100663296	0	0	67108864	100663296	16777216	46993324	83886080	0	67108864	117440512	16777216	7947102	100663296	100663296	0	4793490	4793490	34496010	117440512	150994944	167772160	67108864	4793490	4793490	134217728	0	83886080	83886080	16777216	16777216	134217728	33554432	1766022	0	8388608	8388608	0	0	117440512	8830113	6181079
150994944	167772160	16777216	83886080	67108864	83886080	100663296	100663296	117440512	33554432	134217728	83886080	50331648	134217728	167772160	117440512	33554432	100663296	134217728	0	167772160	67108864	100663296	33554432	134217728	33554432	16777216	150994944	50331648	16777216	33554432	83886080	117440512	33554432	167772160	150994944	0	117440512	16777216	0	16777216	117440512	83886080	50331648	0	0	50331648	67108864	33554432	83886080	33554432	67108864	117440512	16777216	67108864	67108864	50331648	50331648	67108864	16777216	100663296	33554432	134217728	33554432	83886080	0	50331648	16777216	150994944	134217728	16777216	100663296	83886080	150994944	67108864	134217728	67108864	83886080	0	167772160	150994944	117440512	16777216	100663296	0	0	0	0	0	0	0	0	0	0	0	0	0	0	0	0	0	0	0	0	0	0	0	0	0	0	0	0	0	0	0	0	150994944	150994944	16777216	83886080	67108864	16777216	83886080	67108864	117440512	33554432	134217728	83886080	50331648	134217728	167772160	117440512	33554432	100663296	44739242	0	50331648	67108864	67108864	33554432	33554432	21541116	16777216	16777216	50331648	16777216	33554432	83886080	24233756	3728270	55924053	150994944	0	117440512	16777216	0	0	117440512	63714392	32311675	0	0	0	0	3728270	83886080	33554432	67108864	117440512	16777216	5592405	67108864	50331648	5592405	43082233	0	11184810	33554432	33554432	33554432	15252014	0	0	16777216	150994944	134217728	16777216	53726119	52195783	150994944	67108864	30127436	0	9320675	0	0	0	117440512	3765929	18302417
0	150994944	150994944	167772160	117440512	50331648	0	134217728	33554432	67108864	16777216	150994944	50331648	50331648	167772160	100663296	100663296	33554432	117440512	83886080	67108864	0	100663296	0	16777216	16777216	16777216	0	67108864	167772160	83886080	0	67108864	16777216	16777216	0	50331648	134217728	134217728	83886080	100663296	134217728	50331648	33554432	134217728	167772160	134217728	83886080	134217728	100663296	167772160	50331648	100663296	0	16777216	150994944	0	50331648	134217728	16777216	167772160	117440512	150994944	67108864	50331648	83886080	33554432	67108864	0	67108864	100663296	0	117440512	134217728	33554432	0	167772160	67108864	117440512	117440512	134217728	134217728	33554432	16777216	16777216	0	16777216	0	16777216	0	0	16777216	33554432	16777216	0	16777216	33554432	16777216	0	16777216	0	16777216	33554432	0	16777216	33554432	16777216	0	0	33554432	16777216	33554432	33554432	0	33554432	33554432	0	150994944	150994944	167772160	117440512	50331648	0	117440512	33554432	67108864	16777216	150994944	50331648	50331648	167772160	100663296	100663296	33554432	23488102	23488102	67108864	0	0	0	16777216	1525201	16777216	0	67108864	67108864	83886080	0	0	0	10066329	0	50331648	134217728	134217728	83886080	100663296	134217728	50331648	3050402	134217728	167772160	134217728	83886080	0	100663296	100663296	50331648	100663296	0	0	150994944	0	0	12201611	16777216	0	117440512	117440512	67108864	50331648	0	0	67108864	0	67108864	67108864	0	0	134217728	33554432	0	167772160	41943040	41943040	0	0	134217728	0	0
50331648	33554432	33554432	150994944	83886080	100663296	67108864	16777216	117440512	33554432	83886080	134217728	83886080	100663296	134217728	33554432	67108864	0	117440512	16777216	150994944	50331648	167772160	167772160	167772160	100663296	100663296	50331648	33554432	50331648	134217728	16777216	100663296	134217728	134217728	134217728	16777216	134217728	150994944	33554432	150994944	67108864	0	50331648	50331648	0	117440512	16777216	117440512	134217728	117440512	134217728	134217728	16777216	50331648	100663296	0	83886080	67108864	0	167772160	16777216	0	100663296	167772160	33554432	83886080	50331648	167772160	150994944	33554432	117440512	33554432	0	83886080	83886080	100663296	67108864	33554432	100663296	117440512	16777216	167772160	100663296	0	0	0	0	0	0	0	0	0	0	0	0	0	0	0	0	0	0	0	0	0	0	0	0	0	0	0	0	0	0	0	0	50331648	33554432	33554432	150994944	83886080	33554432	67108864	16777216	117440512	13328566	83886080	83886080	83886080	100663296	134217728	33554432	33554432	0	0	0	83886080	50331648	50331648	167772160	167772160	39985698	100663296	50331648	33554432	33554432	134217728	16777216	13981013	4473924	0	134217728	16777216	134217728	134217728	33554432	33554432	67108864	0	0	50331648	0	0	0	3914683	134217728	117440512	134217728	134217728	16777216	0	100663296	0	0	26657132	0	5592405	16777216	0	100663296	0	33554432	2796202	50331648	167772160	150994944	33554432	51622203	33554432	0	0	0	15486660	67108864	33554432	0	0	16777216	16777216	0
100663296	117440512	134217728	0	50331648	0	16777216	16777216	83886080	150994944	83886080	0	150994944	134217728	67108864	134217728	83886080	134217728	150994944	100663296	134217728	67108864	134217728	167772160	100663296	167772160	67108864	134217728	150994944	16777216	100663296	117440512	0	134217728	16777216	100663296	134217728	50331648	117440512	150994944	16777216	117440512	16777216	167772160	150994944	16777216	117440512	50331648	167772160	67108864	150994944	67108864	67108864	167772160	0	83886080	134217728	67108864	100663296	50331648	50331648	50331648	100663296	33554432	134217728	83886080	0	100663296	67108864	0	134217728	134217728	0	16777216	150994944	134217728	134217728	150994944	50331648	150994944	16777216	117440512	0	134217728	33554432	33554432	16777216	33554432	0	33554432	16777216	33554432	0	16777216	0	0	16777216	0	0	0	33554432	33554432	0	0	0	0	0	16777216	0	33554432	0	0	33554432	33554432	33554432	16777216	100663296	100663296	134217728	0	50331648	0	16777216	16777216	83886080	29037489	83886080	0	150994944	134217728	67108864	67108864	67108864	134217728	117440512	100663296	134217728	67108864	67108864	167772160	100663296	32263876	67108864	134217728	150994944	16777216	100663296	117440512	0	0	16777216	100663296	100663296	50331648	117440512	150994944	3226387	117440512	16777216	16777216	150994944	16777216	117440512	50331648	0	67108864	67108864	67108864	67108864	167772160	0	83886080	83886080	0	19358326	50331648	0	50331648	100663296	33554432	100663296	83886080	0	100663296	67108864	0	0	100663296	0	16777216	16777216	0	0	67108864	50331648	0	0	117440512	0	0
0	33554432	50331648	100663296	67108864	83886080	33554432	167772160	117440512	16777216	33554432	134217728	83886080	100663296	117440512	50331648	33554432	117440512	167772160	16777216	33554432	167772160	16777216	100663296	117440512	150994944	16777216	16777216	134217728	117440512	0	67108864	117440512	117440512	167772160	50331648	50331648	50331648	33554432	150994944	150994944	0	0	150994944	117440512	150994944	134217728	100663296	150994944	134217728	150994944	33554432	16777216	117440512	100663296	0	16777216	134217728	100663296	167772160	134217728	33554432	67108864	167772160	50331648	134217728	117440512	167772160	67108864	67108864	150994944	67108864	67108864	117440512	33554432	33554432	117440512	33554432	167772160	50331648	117440512	0	0	67108864	0	0	0	0	0	0	0	0	0	0	0	0	0	0	0	0	0	0	0	0	0	0	0	0	0	0	0	0	0	0	0	0	0	0	50331648	100663296	67108864	50331648	33554432	67108864	117440512	6239027	33554432	33554432	83886080	100663296	117440512	50331648	33554432	117440512	1290555	1290555	33554432	167772160	16777216	100663296	63963136	33030144	16777216	16777216	134217728	117440512	0	67108864	0	0	116149956	50331648	50331648	50331648	33554432	150994944	56151244	0	0	0	117440512	150994944	134217728	100663296	0	134217728	134217728	33554432	16777216	16777216	16777216	0	0	0	22020096	36700160	0	33554432	33554432	167772160	33554432	25690112	25690112	167772160	67108864	67108864	67108864	0	0	117440512	33554432	0	0	0	0	0	0	0	0	0
0	0	167772160	50331648	33554432	67108864	16777216	83886080	50331648	100663296	167772160	83886080	100663296	50331648	83886080	0	83886080	0	0	67108864	67108864	83886080	117440512	67108864	134217728	50331648	150994944	100663296	117440512	117440512	0	67108864	16777216	50331648	167772160	83886080	67108864	134217728	50331648	67108864	0	0	67108864	134217728	67108864	83886080	67108864	117440512	67108864	67108864	150994944	134217728	83886080	16777216	83886080	83886080	50331648	33554432	100663296	16777216	83886080	100663296	134217728	0	134217728	167772160	100663296	0	50331648	0	83886080	134217728	167772160	33554432	100663296	50331648	134217728	67108864	33554432	134217728	67108864	117440512	0	117440512	0	33554432	33554432	0	33554432	33554432	0	0	33554432	0	0	33554432	33554432	0	33554432	16777216	33554432	16777216	33554432	33554432	0	16777216	0	0	0	16777216	33554432	33554432	0	16777216	0	0	0	0	167772160	50331648	33554432	67108864	16777216	33554432	50331648	20132659	167772160	83886080	100663296	50331648	83886080	0	0	0	0	0	67108864	83886080	117440512	67108864	50331648	10066329	150994944	100663296	117440512	117440512	0	67108864	0	0	0	83886080	67108864	134217728	50331648	67108864	0	0	67108864	48806446	67108864	83886080	67108864	67108864	0	67108864	150994944	134217728	83886080	16777216	0	83886080	50331648	0	20132659	16777216	0	100663296	134217728	0	0	88766724	67108864	0	50331648	0	0	134217728	134217728	33554432	100663296	18302417	0	0	0	0	0	117440512	0	115915310
134217728	167772160	50331648	83886080	50331648	167772160	150994944	150994944	150994944	134217728	50331648	100663296	33554432	117440512	67108864	33554432	16777216	50331648	0	0	0	150994944	83886080	50331648	150994944	33554432	134217728	150994944	33554432	83886080	83886080	0	0	16777216	167772160	167772160	117440512	150994944	67108864	167772160	16777216	117440512	167772160	117440512	50331648	33554432	67108864	134217728	100663296	50331648	167772160	0	83886080	33554432	117440512	83886080	100663296	167772160	83886080	33554432	50331648	16777216	67108864	167772160	100663296	83886080	100663296	0	117440512	167772160	67108864	0	134217728	150994944	167772160	117440512	16777216	134217728	117440512	33554432	167772160	0	16777216	67108864	0	0	0	0	0	0	0	0	0	0	0	0	0	0	0	0	0	0	0	0	0	0	0	0	0	0	0	0	0	0	0	0	134217728	134217728	50331648	83886080	50331648	50331648	83886080	50331648	150994944	82021944	50331648	50331648	33554432	117440512	67108864	33554432	16777216	50331648	0	0	0	150994944	83886080	50331648	33554432	16777216	134217728	134217728	33554432	33554432	83886080	0	0	0	50331648	167772160	117440512	150994944	67108864	167772160	10252743	117440512	117440512	58720256	50331648	33554432	33554432	33554432	0	50331648	50331648	0	83886080	33554432	0	83886080	83886080	0	41943040	16777216	0	16777216	16777216	167772160	16777216	0	0	0	117440512	117440512	0	0	0	150994944	150994944	0	0	0	0	0	0	0	0	0
33554432	16777216	0	100663296	67108864	50331648	150994944	117440512	100663296	33554432	50331648	150994944	150994944	0	83886080	134217728	50331648	134217728	33554432	167772160	134217728	167772160	16777216	83886080	134217728	100663296	50331648	167772160	150994944	117440512	0	134217728	33554432	67108864	117440512	67108864	150994944	50331648	167772160	83886080	100663296	134217728	33554432	117440512	117440512	83886080	50331648	117440512	33554432	167772160	67108864	150994944	100663296	100663296	33554432	167772160	0	150994944	33554432	33554432	100663296	167772160	16777216	83886080	83886080	100663296	150994944	0	33554432	50331648	134217728	50331648	0	134217728	134217728	0	16777216	134217728	83886080	100663296	83886080	16777216	134217728	134217728	0	0	0	0	33554432	33554432	16777216	0	33554432	33554432	33554432	16777216	16777216	16777216	0	16777216	16777216	16777216	33554432	16777216	16777216	0	16777216	0	16777216	16777216	16777216	16777216	0	33554432	0	33554432	33554432	16777216	0	100663296	67108864	50331648	150994944	117440512	100663296	33554432	50331648	50331648	150994944	0	83886080	134217728	50331648	134217728	33554432	33554432	134217728	167772160	16777216	83886080	77433304	19358326	50331648	167772160	150994944	117440512	0	134217728	33554432	8388608	117440512	67108864	150994944	50331648	50331648	83886080	100663296	134217728	33554432	22584713	117440512	83886080	50331648	50331648	4194304	167772160	67108864	150994944	100663296	100663296	33554432	167772160	0	0	6452775	6452775	12582912	167772160	16777216	83886080	8388608	29037489	29037489	0	33554432	50331648	0	50331648	0	134217728	134217728	0	16777216	134217728	83886080	8388608	8388608	16777216	0	0
50331648	67108864	150994944	83886080	50331648	83886080	50331648	100663296	83886080	0	150994944	117440512	167772160	100663296	100663296	50331648	67108864	16777216	16777216	100663296	134217728	50331648	117440512	16777216	50331648	33554432	0	100663296	50331648	83886080	67108864	134217728	100663296	33554432	0	16777216	134217728	0	117440512	50331648	134217728	33554432	0	50331648	16777216	100663296	100663296	167772160	67108864	83886080	134217728	83886080	50331648	67108864	117440512	50331648	67108864	33554432	134217728	16777216	0	16777216	50331648	100663296	33554432	50331648	134217728	50331648	100663296	150994944	83886080	16777216	150994944	167772160	167772160	167772160	0	50331648	167772160	150994944	83886080	50331648	150994944	0	0	0	0	0	0	0	0	0	0	0	0	0	0	0	0	0	0	0	0	0	0	0	0	0	0	0	0	0	0	0	0	0	50331648	50331648	150994944	83886080	50331648	83886080	50331648	50331648	83886080	0	150994944	117440512	167772160	100663296	100663296	50331648	50331648	16777216	16777216	16777216	134217728	50331648	50331648	16777216	13581555	6391320	0	0	50331648	50331648	67108864	134217728	57255578	6391320	0	16777216	16777216	0	0	50331648	34619652	33554432	0	0	16777216	100663296	100663296	16777216	17309826	83886080	83886080	83886080	50331648	50331648	33554432	50331648	50331648	33554432	25565281	3195660	0	16777216	16777216	100663296	16777216	25565281	25565281	50331648	100663296	100663296	50331648	16777216	16777216	167772160	167772160	0	0	4926642	4926642	0	0	50331648	16777216	0
150994944	33554432	83886080	50331648	50331648	117440512	117440512	67108864	134217728	16777216	67108864	100663296	50331648	16777216	67108864	134217728	33554432	100663296	100663296	16777216	50331648	117440512	117440512	16777216	134217728	67108864	83886080	150994944	100663296	167772160	0	50331648	134217728	33554432	67108864	33554432	50331648	134217728	50331648	134217728	50331648	16777216	134217728	167772160	167772160	167772160	83886080	83886080	167772160	0	16777216	16777216	150994944	50331648	117440512	134217728	83886080	33554432	50331648	0	100663296	67108864	67108864	100663296	50331648	0	100663296	50331648	134217728	50331648	150994944	33554432	100663296	67108864	134217728	100663296	0	16777216	0	50331648	150994944	33554432	167772160	33554432	33554432	33554432	0	0	16777216	0	16777216	16777216	33554432	0	16777216	0	33554432	16777216	33554432	16777216	33554432	0	16777216	16777216	33554432	16777216	16777216	33554432	0	16777216	0	0	33554432	16777216	33554432	16777216	150994944	33554432	83886080	50331648	50331648	83886080	117440512	67108864	134217728	16777216	67108864	100663296	50331648	16777216	67108864	16777216	16777216	100663296	33554432	16777216	50331648	117440512	117440512	16777216	134217728	63913203	83886080	83886080	100663296	167772160	0	50331648	134217728	16777216	67108864	33554432	33554432	134217728	50331648	134217728	50331648	16777216	134217728	123032917	167772160	167772160	83886080	83886080	83886080	0	16777216	16777216	150994944	50331648	31690296	134217728	83886080	16777216	47934902	0	16777216	67108864	67108864	100663296	50331648	0	0	50331648	134217728	50331648	50331648	33554432	33554432	67108864	134217728	11184810	0	16777216	0	0	0	33554432	18641351	3728270
150994944	100663296	150994944	0	0	167772160	33554432	150994944	83886080	16777216	67108864	0	83886080	50331648	16777216	16777216	50331648	67108864	83886080	167772160	83886080	0	16777216	67108864	33554432	117440512	167772160	134217728	100663296	117440512	100663296	16777216	0	167772160	167772160	83886080	67108864	50331648	150994944	150994944	100663296	33554432	16777216	67108864	134217728	167772160	0	100663296	50331648	150994944	16777216	83886080	67108864	67108864	150994944	67108864	134217728	0	33554432	134217728	67108864	16777216	117440512	33554432	100663296	117440512	67108864	167772160	83886080	50331648	134217728	83886080	16777216	134217728	16777216	33554432	0	167772160	0	0	134217728	33554432	100663296	117440512	0	0	0	0	0	0	0	0	0	0	0	0	0	0	0	0	0	0	0	0	0	0	0	0	0	0	0	0	0	0	0	0	150994944	100663296	150994944	0	0	150994944	0	0	83886080	9175704	67108864	0	83886080	50331648	16777216	16777216	16777216	67108864	6710886	6710886	83886080	0	0	67108864	33554432	15288113	167772160	134217728	100663296	100663296	100663296	16777216	0	0	60397977	83886080	67108864	50331648	50331648	150994944	55054228	33554432	11940392	8736065	134217728	167772160	0	0	0	150994944	16777216	83886080	67108864	67108864	11614995	67108864	67108864	0	4368032	33554432	0	16777216	16777216	33554432	8947848	5162220	5162220	167772160	83886080	50331648	50331648	21614039	16777216	134217728	16777216	2236962	0	55493868	0	0	0	33554432	6710886	7829367
50331648	150994944	67108864	0	67108864	0	117440512	100663296	117440512	67108864	16777216	33554432	50331648	50331648	0	150994944	67108864	117440512	83886080	67108864	50331648	33554432	16777216	33554432	167772160	50331648	0	150994944	0	134217728	50331648	150994944	67108864	16777216	117440512	33554432	50331648	67108864	167772160	67108864	117440512	0	134217728	33554432	33554432	67108864	83886080	0	134217728	150994944	117440512	50331648	50331648	150994944	83886080	16777216	50331648	167772160	134217728	117440512	117440512	50331648	150994944	33554432	16777216	67108864	50331648	33554432	0	67108864	134217728	134217728	150994944	167772160	167772160	134217728	117440512	0	33554432	134217728	100663296	67108864	134217728	83886080	16777216	33554432	0	16777216	33554432	16777216	33554432	0	33554432	33554432	0	16777216	16777216	16777216	16777216	33554432	16777216	16777216	33554432	33554432	33554432	33554432	33554432	16777216	16777216	0	0	33554432	0	33554432	16777216	33554432	50331648	150994944	67108864	0	67108864	0	117440512	67108864	117440512	67108864	16777216	33554432	50331648	50331648	0	150994944	67108864	117440512	83886080	67108864	50331648	33554432	16777216	33554432	18874368	6291456	0	150994944	0	134217728	50331648	150994944	67108864	2097152	117440512	33554432	50331648	67108864	167772160	67108864	117440512	0	134217728	4194304	33554432	67108864	67108864	0	20803747	150994944	117440512	50331648	50331648	150994944	83886080	16777216	50331648	26004684	16777216	14680064	18203279	50331648	150994944	33554432	16777216	6291456	6291456	33554432	0	0	0	134217728	134217728	167772160	167772160	51130563	117440512	0	0	0	0	67108864	51130563	31956601
83886080	16777216	100663296	100663296	0	83886080	100663296	117440512	134217728	16777216	33554432	83886080	16777216	50331648	16777216	100663296	33554432	33554432	134217728	100663296	150994944	100663296	134217728	50331648	67108864	33554432	0	150994944	0	134217728	167772160	150994944	67108864	100663296	150994944	134217728	150994944	150994944	117440512	167772160	150994944	0	117440512	16777216	67108864	83886080	100663296	67108864	67108864	117440512	134217728	0	134217728	117440512	167772160	100663296	33554432	50331648	0	33554432	100663296	117440512	117440512	150994944	167772160	0	50331648	50331648	0	134217728	150994944	83886080	83886080	167772160	16777216	167772160	0	0	83886080	67108864	50331648	100663296	117440512	16777216	0	0	0	0	0	0	0	0	0	0	0	0	0	0	0	0	0	0	0	0	0	0	0	0	0	0	0	0	0	0	0	0	83886080	16777216	100663296	100663296	0	83886080	100663296	0	134217728	9507089	33554432	33554432	16777216	50331648	16777216	16777216	16777216	33554432	14680064	14680064	16777216	100663296	100663296	50331648	16777216	19014178	0	0	0	0	167772160	150994944	67108864	30198988	18874368	134217728	134217728	150994944	117440512	167772160	85563801	0	0	0	67108864	83886080	83886080	67108864	20132659	117440512	117440512	0	134217728	117440512	0	100663296	33554432	0	0	33554432	16777216	117440512	117440512	150994944	117440512	0	0	50331648	0	0	0	0	0	167772160	16777216	0	0	0	0	0	0	100663296	0	0
100663296	100663296	0	16777216	150994944	100663296	134217728	134217728	83886080	0	0	67108864	134217728	50331648	100663296	100663296	16777216	117440512	33554432	100663296	0	0	16777216	83886080	83886080	150994944	100663296	33554432	16777216	134217728	33554432	134217728	167772160	117440512	167772160	150994944	16777216	67108864	167772160	100663296	67108864	117440512	167772160	134217728	0	33554432	50331648	117440512	83886080	33554432	117440512	33554432	0	0	150994944	16777216	100663296	100663296	67108864	100663296	16777216	167772160	50331648	67108864	67108864	134217728	33554432	83886080	50331648	67108864	33554432	100663296	100663296	67108864	0	16777216	83886080	100663296	0	16777216	83886080	50331648	16777216	167772160	16777216	16777216	0	0	33554432	16777216	16777216	0	33554432	33554432	0	0	16777216	16777216	33554432	33554432	0	16777216	33554432	16777216	0	33554432	33554432	0	33554432	33554432	0	0	16777216	33554432	33554432	33554432	100663296	100663296	0	16777216	150994944	100663296	16777216	134217728	83886080	0	0	67108864	134217728	50331648	100663296	100663296	16777216	117440512	33554432	33554432	0	0	16777216	83886080	67108864	25165824	100663296	33554432	16777216	134217728	33554432	134217728	128625322	19573418	167772160	150994944	16777216	67108864	167772160	100663296	67108864	117440512	167772160	22369621	0	33554432	50331648	50331648	83886080	33554432	117440512	33554432	0	0	0	16777216	100663296	0	11184810	16777216	16777216	167772160	50331648	67108864	29360128	5592405	5592405	83886080	50331648	50331648	33554432	100663296	20971520	67108864	0	0	0	12582912	0	0	0	50331648	0	20971520
134217728	33554432	50331648	0	83886080	50331648	100663296	83886080	117440512	167772160	16777216	117440512	83886080	50331648	0	50331648	100663296	117440512	150994944	67108864	117440512	33554432	167772160	167772160	33554432	50331648	167772160	134217728	67108864	134217728	50331648	100663296	33554432	33554432	16777216	16777216	134217728	134217728	0	0	134217728	83886080	83886080	150994944	50331648	117440512	134217728	33554432	167772160	117440512	16777216	83886080	67108864	100663296	33554432	0	150994944	50331648	67108864	67108864	167772160	50331648	134217728	0	83886080	117440512	33554432	134217728	16777216	100663296	134217728	167772160	134217728	33554432	83886080	33554432	16777216	100663296	150994944	50331648	16777216	83886080	150994944	150994944	0	0	0	0	0	0	0	0	0	0	0	0	0	0	0	0	0	0	0	0	0	0	0	0	0	0	0	0	0	0	0	0	134217728	33554432	50331648	0	83886080	50331648	0	83886080	117440512	63815404	16777216	16777216	83886080	50331648	0	0	0	117440512	100663296	67108864	83886080	33554432	33554432	167772160	33554432	11920288	167772160	134217728	67108864	67108864	50331648	100663296	33554432	5162220	16777216	16777216	16777216	134217728	0	0	0	83886080	28850150	23604668	50331648	117440512	117440512	33554432	25811101	117440512	16777216	83886080	67108864	67108864	20461542	0	0	0	15893717	0	0	50331648	50331648	0	0	7946858	7946858	134217728	16777216	16777216	16777216	52454819	52454819	33554432	33554432	5245481	2581110	8388608	8388608	2581110	2581110	83886080	23604668	23604668
117440512	100663296	50331648	134217728	33554432	33554432	50331648	67108864	150994944	16777216	50331648	16777216	33554432	50331648	33554432	16777216	16777216	117440512	117440512	0	16777216	33554432	16777216	150994944	100663296	83886080	16777216	167772160	0	100663296	33554432	16777216	0	150994944	16777216	16777216	100663296	33554432	150994944	117440512	50331648	33554432	67108864	83886080	0	167772160	83886080	167772160	0	50331648	134217728	33554432	0	50331648	16777216	167772160	117440512	100663296	134217728	134217728	0	16777216	117440512	67108864	50331648	0	150994944	117440512	67108864	117440512	167772160	134217728	50331648	100663296	50331648	100663296	83886080	134217728	150994944	134217728	100663296	50331648	150994944	33554432	0	33554432	0	0	33554432	0	16777216	0	0	16777216	33554432	16777216	33554432	33554432	16777216	0	0	33554432	16777216	33554432	0	0	16777216	0	16777216	0	33554432	16777216	33554432	16777216	33554432	0	117440512	100663296	50331648	134217728	33554432	33554432	50331648	67108864	150994944	16777216	50331648	16777216	33554432	50331648	33554432	16777216	16777216	117440512	117440512	0	16777216	33554432	16777216	150994944	89364354	38519118	16777216	16777216	0	100663296	33554432	16777216	0	0	16777216	16777216	100663296	33554432	33554432	117440512	50331648	33554432	13182098	5991862	0	167772160	83886080	0	0	50331648	134217728	33554432	0	50331648	1318209	167772160	117440512	0	61630589	61630589	0	16777216	117440512	67108864	50331648	0	0	117440512	67108864	117440512	117440512	20372333	20372333	100663296	50331648	7190235	0	11863888	11863888	0	0	50331648	10785353	2396745
0	67108864	16777216	100663296	134217728	50331648	83886080	16777216	50331648	150994944	16777216	16777216	83886080	33554432	117440512	117440512	83886080	0	167772160	150994944	117440512	134217728	50331648	16777216	117440512	33554432	134217728	50331648	50331648	67108864	16777216	0	16777216	167772160	167772160	16777216	33554432	0	16777216	150994944	134217728	0	134217728	0	83886080	150994944	167772160	117440512	0	150994944	150994944	33554432	33554432	50331648	16777216	167772160	100663296	67108864	33554432	100663296	50331648	117440512	16777216	83886080	33554432	117440512	83886080	167772160	150994944	83886080	150994944	167772160	167772160	100663296	167772160	100663296	16777216	167772160	134217728	0	134217728	0	67108864	0	0	0	0	0	0	0	0	0	0	0	0	0	0	0	0	0	0	0	0	0	0	0	0	0	0	0	0	0	0	0	0	0	0	0	16777216	100663296	134217728	16777216	83886080	16777216	50331648	21570706	16777216	16777216	83886080	33554432	117440512	33554432	33554432	0	0	0	83886080	134217728	50331648	16777216	0	4793490	134217728	50331648	50331648	50331648	16777216	0	0	0	0	16777216	16777216	0	0	150994944	19173961	0	0	0	83886080	150994944	150994944	83886080	0	150994944	150994944	33554432	33554432	33554432	0	167772160	100663296	0	4793490	16777216	0	117440512	16777216	83886080	16777216	40744667	0	167772160	150994944	83886080	83886080	0	0	100663296	100663296	0	0	8388608	8388608	0	0	0	0	0
150994944	150994944	50331648	150994944	117440512	50331648	67108864	134217728	167772160	83886080	134217728	167772160	117440512	16777216	0	83886080	167772160	50331648	67108864	150994944	100663296	50331648	100663296	0	100663296	83886080	0	0	117440512	16777216	117440512	0	83886080	134217728	16777216	150994944	50331648	33554432	67108864	16777216	16777216	150994944	167772160	134217728	0	134217728	117440512	117440512	16777216	33554432	134217728	0	100663296	0	100663296	150994944	83886080	83886080	134217728	167772160	167772160	33554432	167772160	100663296	16777216	0	0	134217728	0	50331648	117440512	33554432	83886080	50331648	50331648	33554432	100663296	0	134217728	67108864	100663296	16777216	50331648	150994944	0	16777216	0	16777216	33554432	33554432	33554432	0	16777216	33554432	16777216	16777216	0	33554432	33554432	33554432	0	0	0	0	0	16777216	0	0	33554432	33554432	16777216	16777216	0	33554432	0	16777216	150994944	150994944	50331648	150994944	117440512	50331648	67108864	134217728	167772160	83886080	134217728	134217728	117440512	16777216	0	16777216	16777216	50331648	67108864	67108864	100663296	50331648	50331648	0	0	11983725	0	0	117440512	16777216	117440512	0	0	0	16777216	150994944	50331648	33554432	33554432	16777216	16777216	150994944	167772160	19173961	0	134217728	117440512	117440512	0	33554432	134217728	0	100663296	0	0	150994944	83886080	0	19173961	0	0	33554432	167772160	100663296	16777216	0	0	134217728	0	50331648	50331648	33554432	0	50331648	50331648	0	0	0	0	0	0	16777216	0	0
50331648	150994944	67108864	117440512	33554432	100663296	117440512	167772160	150994944	33554432	150994944	33554432	134217728	134217728	117440512	167772160	0	167772160	33554432	150994944	167772160	167772160	16777216	33554432	33554432	167772160	134217728	50331648	0	50331648	50331648	150994944	67108864	0	50331648	67108864	117440512	134217728	33554432	16777216	134217728	0	67108864	167772160	0	0	117440512	100663296	150994944	150994944	150994944	117440512	0	83886080	16777216	0	0	150994944	167772160	100663296	16777216	134217728	83886080	167772160	100663296	134217728	83886080	117440512	167772160	134217728	83886080	16777216	167772160	134217728	67108864	167772160	167772160	167772160	167772160	0	117440512	167772160	83886080	100663296	0	0	0	0	0	0	0	0	0	0	0	0	0	0	0	0	0	0	0	0	0	0	0	0	0	0	0	0	0	0	0	0	50331648	50331648	67108864	117440512	33554432	67108864	117440512	33554432	150994944	33554432	150994944	33554432	134217728	134217728	117440512	117440512	0	167772160	33554432	33554432	134217728	167772160	16777216	33554432	26364196	17256565	134217728	50331648	0	0	50331648	150994944	15620166	0	50331648	67108864	67108864	134217728	33554432	16777216	9586980	0	0	0	0	0	0	0	15620166	150994944	150994944	117440512	0	0	0	0	0	0	17256565	7190235	0	134217728	83886080	167772160	83886080	8628282	8628282	117440512	167772160	134217728	83886080	0	0	134217728	67108864	0	0	17355740	17355740	0	0	167772160	0	0
83886080	83886080	67108864	100663296	16777216	50331648	150994944	67108864	67108864	0	0	0	33554432	134217728	33554432	100663296	117440512	100663296	67108864	150994944	16777216	33554432	134217728	50331648	33554432	134217728	83886080	100663296	83886080	117440512	83886080	117440512	33554432	150994944	117440512	150994944	134217728	100663296	33554432	16777216	67108864	50331648	150994944	83886080	100663296	50331648	0	100663296	150994944	117440512	100663296	150994944	16777216	150994944	167772160	117440512	117440512	67108864	150994944	33554432	83886080	67108864	117440512	117440512	33554432	150994944	100663296	83886080	33554432	16777216	150994944	67108864	83886080	134217728	83886080	167772160	167772160	50331648	0	100663296	134217728	117440512	100663296	150994944	33554432	16777216	16777216	0	16777216	0	0	33554432	33554432	33554432	16777216	16777216	16777216	33554432	0	16777216	33554432	16777216	0	16777216	0	16777216	16777216	16777216	0	16777216	33554432	16777216	16777216	33554432	16777216	33554432	83886080	83886080	67108864	100663296	16777216	50331648	150994944	67108864	67108864	0	0	0	33554432	134217728	33554432	100663296	100663296	100663296	52305438	52305438	16777216	33554432	134217728	50331648	33554432	44739242	83886080	83886080	83886080	117440512	83886080	117440512	33554432	11184810	48357857	150994944	134217728	100663296	33554432	16777216	11184810	50331648	150994944	27962026	100663296	50331648	0	0	11184810	117440512	100663296	150994944	16777216	150994944	33554432	117440512	117440512	4971026	50331648	5592405	6213783	67108864	117440512	117440512	33554432	33554432	33554432	83886080	33554432	16777216	16777216	67108864	67108864	134217728	83886080	26843545	0	50331648	0	0	0	117440512	16106127	24159191
67108864	16777216	16777216	150994944	134217728	117440512	100663296	117440512	100663296	134217728	167772160	134217728	0	134217728	134217728	100663296	16777216	117440512	100663296	50331648	117440512	50331648	150994944	134217728	16777216	0	134217728	134217728	150994944	16777216	67108864	100663296	0	0	0	150994944	117440512	83886080	50331648	134217728	150994944	83886080	150994944	117440512	50331648	50331648	67108864	117440512	33554432	100663296	50331648	0	0	33554432	0	150994944	50331648	167772160	33554432	67108864	167772160	167772160	167772160	67108864	67108864	117440512	67108864	167772160	134217728	100663296	0	33554432	50331648	117440512	134217728	117440512	16777216	16777216	167772160	16777216	83886080	134217728	50331648	100663296	0	0	0	0	0	0	0	0	0	0	0	0	0	0	0	0	0	0	0	0	0	0	0	0	0	0	0	0	0	0	0	0	67108864	16777216	16777216	150994944	134217728	16777216	100663296	117440512	100663296	42512402	167772160	134217728	0	134217728	134217728	100663296	16777216	117440512	100663296	50331648	0	50331648	50331648	134217728	16777216	0	134217728	134217728	150994944	16777216	67108864	100663296	0	0	0	150994944	117440512	83886080	50331648	134217728	47826452	83886080	75204164	36135542	50331648	50331648	50331648	50331648	0	100663296	50331648	0	0	0	0	150994944	50331648	0	10324440	67108864	0	167772160	167772160	67108864	67108864	20648881	20648881	167772160	134217728	100663296	0	8681915	0	117440512	117440512	0	0	0	0	0	0	134217728	0	0
16777216	150994944	150994944	150994944	0	167772160	134217728	150994944	100663296	0	134217728	0	16777216	150994944	67108864	0	16777216	67108864	83886080	67108864	83886080	150994944	16777216	150994944	67108864	33554432	134217728	117440512	16777216	83886080	150994944	67108864	33554432	167772160	117440512	100663296	16777216	16777216	0	0	67108864	33554432	83886080	167772160	134217728	16777216	134217728	100663296	100663296	83886080	117440512	83886080	67108864	117440512	16777216	0	50331648	100663296	134217728	100663296	0	16777216	117440512	134217728	16777216	83886080	150994944	16777216	134217728	117440512	83886080	50331648	67108864	16777216	83886080	117440512	167772160	134217728	16777216	134217728	117440512	33554432	83886080	100663296	16777216	33554432	33554432	0	33554432	16777216	33554432	16777216	33554432	16777216	0	0	0	33554432	0	16777216	16777216	33554432	16777216	16777216	0	33554432	16777216	16777216	16777216	16777216	16777216	0	16777216	33554432	0	0	16777216	150994944	150994944	150994944	0	167772160	134217728	0	100663296	0	134217728	0	16777216	150994944	67108864	0	0	67108864	83886080	67108864	83886080	150994944	16777216	150994944	67108864	4428706	134217728	117440512	16777216	83886080	150994944	67108864	33554432	11570493	117440512	100663296	16777216	16777216	0	0	67108864	33554432	83886080	22143531	134217728	16777216	134217728	100663296	6942296	83886080	83886080	83886080	67108864	67108864	12149018	0	50331648	6942296	17714824	100663296	0	16777216	117440512	134217728	16777216	19929178	19929178	16777216	134217728	117440512	16777216	50331648	50331648	16777216	83886080	19573418	8099345	13306067	13306067	8099345	8099345	33554432	13981013	16777216
50331648	150994944	67108864	33554432	67108864	83886080	167772160	33554432	167772160	50331648	134217728	0	16777216	100663296	33554432	83886080	100663296	100663296	67108864	50331648	150994944	0	50331648	134217728	67108864	33554432	83886080	50331648	100663296	100663296	134217728	167772160	150994944	33554432	0	16777216	100663296	150994944	167772160	100663296	117440512	167772160	50331648	50331648	0	0	167772160	100663296	0	167772160	50331648	134217728	67108864	117440512	0	67108864	134217728	117440512	167772160	134217728	167772160	33554432	67108864	150994944	167772160	117440512	100663296	117440512	50331648	0	150994944	0	33554432	134217728	0	100663296	167772160	83886080	117440512	83886080	134217728	50331648	16777216	134217728	0	0	0	0	0	0	0	0	0	0	0	0	0	0	0	0	0	0	0	0	0	0	0	0	0	0	0	0	0	0	0	0	50331648	50331648	67108864	33554432	67108864	67108864	33554432	33554432	167772160	50331648	134217728	0	16777216	100663296	33554432	33554432	33554432	100663296	67108864	50331648	16777216	0	0	134217728	67108864	4538763	83886080	50331648	100663296	100663296	134217728	167772160	70134706	4538763	0	16777216	16777216	150994944	150994944	100663296	46976204	167772160	50331648	6808145	0	0	0	0	0	167772160	50331648	134217728	67108864	67108864	0	67108864	67108864	0	22693818	53687091	33554432	33554432	33554432	150994944	18641351	13616291	13616291	117440512	50331648	0	0	0	0	134217728	0	0	102176217	32041510	32041510	32041510	14913080	50331648	0	0
134217728	50331648	134217728	100663296	167772160	100663296	50331648	150994944	0	117440512	33554432	100663296	100663296	83886080	167772160	150994944	117440512	83886080	16777216	33554432	134217728	33554432	0	50331648	83886080	0	100663296	134217728	134217728	83886080	100663296	150994944	134217728	100663296	50331648	33554432	117440512	167772160	83886080	167772160	117440512	50331648	33554432	83886080	150994944	16777216	167772160	134217728	167772160	117440512	100663296	134217728	167772160	67108864	33554432	33554432	167772160	50331648	83886080	167772160	50331648	33554432	33554432	33554432	33554432	134217728	150994944	100663296	83886080	167772160	50331648	16777216	0	0	150994944	67108864	134217728	67108864	33554432	0	117440512	67108864	0	167772160	0	33554432	16777216	0	0	16777216	0	16777216	0	0	16777216	0	16777216	0	16777216	16777216	33554432	33554432	16777216	33554432	16777216	33554432	33554432	0	33554432	16777216	16777216	0	0	16777216	16777216	0	134217728	50331648	134217728	100663296	167772160	100663296	50331648	150994944	0	117440512	33554432	100663296	100663296	83886080	167772160	150994944	117440512	83886080	16777216	16777216	134217728	33554432	0	50331648	83886080	0	100663296	134217728	134217728	83886080	100663296	150994944	84557168	20132659	50331648	33554432	33554432	167772160	83886080	167772160	117440512	50331648	33554432	16777216	150994944	16777216	167772160	134217728	40265318	117440512	100663296	134217728	167772160	67108864	33554432	33554432	33554432	12079595	16777216	167772160	12079595	33554432	33554432	33554432	33554432	30198988	30198988	100663296	83886080	167772160	50331648	16777216	0	0	150994944	0	134217728	8053063	8053063	0	0	67108864	0	0
67108864	33554432	134217728	0	50331648	83886080	134217728	16777216	16777216	50331648	50331648	100663296	67108864	16777216	0	150994944	16777216	100663296	100663296	0	83886080	50331648	0	83886080	0	83886080	167772160	100663296	100663296	33554432	83886080	0	150994944	134217728	117440512	167772160	0	83886080	150994944	167772160	134217728	83886080	0	50331648	50331648	134217728	83886080	100663296	83886080	150994944	16777216	117440512	33554432	67108864	100663296	50331648	100663296	67108864	150994944	167772160	33554432	33554432	167772160	134217728	0	0	100663296	134217728	134217728	117440512	117440512	67108864	83886080	16777216	50331648	0	167772160	33554432	83886080	100663296	0	167772160	150994944	0	0	0	0	0	0	0	0	0	0	0	0	0	0	0	0	0	0	0	0	0	0	0	0	0	0	0	0	0	0	0	0	0	67108864	33554432	134217728	0	50331648	83886080	0	16777216	16777216	4575604	50331648	50331648	67108864	16777216	0	0	0	100663296	46459982	0	67108864	50331648	0	83886080	0	0	167772160	100663296	100663296	33554432	83886080	0	0	0	54203313	167772160	0	83886080	83886080	167772160	12201611	83886080	0	0	50331648	134217728	83886080	50331648	0	150994944	16777216	117440512	33554432	33554432	0	50331648	50331648	0	0	83886080	0	33554432	33554432	134217728	0	0	0	134217728	134217728	117440512	117440512	67108864	67108864	16777216	16777216	0	16777216	33554432	33554432	0	0	167772160	33554432	0
50331648	33554432	83886080	0	67108864	67108864	100663296	167772160	16777216	83886080	83886080	16777216	100663296	100663296	167772160	83886080	33554432	117440512	150994944	167772160	50331648	33554432	150994944	33554432	167772160	83886080	0	100663296	16777216	83886080	33554432	100663296	167772160	83886080	134217728	134217728	150994944	0	50331648	50331648	117440512	167772160	67108864	0	134217728	0	67108864	134217728	16777216	0	50331648	117440512	67108864	100663296	33554432	83886080	83886080	50331648	100663296	16777216	150994944	33554432	100663296	83886080	67108864	150994944	0	117440512	33554432	16777216	67108864	33554432	117440512	150994944	16777216	150994944	100663296	33554432	67108864	117440512	0	83886080	33554432	16777216	16777216	16777216	33554432	16777216	16777216	33554432	33554432	0	16777216	16777216	33554432	33554432	0	0	33554432	16777216	33554432	0	33554432	16777216	33554432	33554432	33554432	0	33554432	0	16777216	33554432	16777216	0	16777216	16777216	50331648	33554432	83886080	0	67108864	67108864	100663296	167772160	16777216	83886080	83886080	16777216	100663296	100663296	167772160	83886080	33554432	117440512	150994944	150994944	50331648	33554432	150994944	33554432	25622346	39660425	0	100663296	16777216	16777216	33554432	100663296	89877942	17975588	134217728	134217728	150994944	0	50331648	50331648	117440512	167772160	67108864	0	134217728	0	0	0	3595117	0	50331648	117440512	67108864	67108864	10785353	83886080	83886080	10785353	47592510	7932085	32356059	33554432	100663296	83886080	67108864	71388766	0	117440512	33554432	16777216	16777216	33554432	33554432	150994944	16777216	16777216	100663296	33554432	33554432	25165824	0	83886080	11184810	5592405
83886080	117440512	0	83886080	100663296	67108864	16777216	83886080	0	100663296	150994944	67108864	134217728	0	100663296	117440512	16777216	16777216	117440512	67108864	67108864	50331648	100663296	16777216	83886080	0	16777216	67108864	83886080	50331648	83886080	150994944	67108864	83886080	50331648	67108864	100663296	150994944	83886080	167772160	117440512	100663296	134217728	0	150994944	134217728	167772160	100663296	117440512	83886080	167772160	67108864	0	167772160	33554432	0	16777216	50331648	83886080	50331648	150994944	50331648	100663296	167772160	16777216	150994944	167772160	134217728	150994944	67108864	16777216	150994944	150994944	134217728	83886080	150994944	134217728	134217728	100663296	134217728	150994944	167772160	83886080	50331648	0	0	0	0	0	0	0	0	0	0	0	0	0	0	0	0	0	0	0	0	0	0	0	0	0	0	0	0	0	0	0	0	83886080	83886080	0	83886080	100663296	0	16777216	83886080	0	0	150994944	67108864	134217728	0	100663296	0	0	16777216	0	0	67108864	50331648	50331648	16777216	8947848	0	16777216	16777216	83886080	50331648	83886080	150994944	43620761	13048945	16777216	67108864	67108864	150994944	83886080	167772160	0	100663296	35922980	0	150994944	134217728	134217728	100663296	0	83886080	83886080	67108864	0	0	0	0	0	0	0	7829367	0	50331648	50331648	167772160	16777216	26097891	26097891	134217728	150994944	67108864	16777216	44607656	26843545	134217728	83886080	20132659	20132659	20132659	20132659	20132659	20132659	167772160	0	6710886
117440512	100663296	50331648	167772160	100663296	67108864	67108864	50331648	117440512	33554432	167772160	16777216	16777216	134217728	83886080	50331648	167772160	16777216	117440512	100663296	100663296	0	134217728	33554432	117440512	117440512	16777216	67108864	167772160	50331648	117440512	134217728	134217728	150994944	67108864	16777216	134217728	50331648	0	67108864	117440512	134217728	150994944	16777216	67108864	100663296	134217728	117440512	16777216	33554432	0	67108864	16777216	100663296	33554432	117440512	83886080	83886080	134217728	50331648	167772160	150994944	16777216	150994944	50331648	16777216	100663296	0	167772160	150994944	83886080	83886080	33554432	83886080	16777216	67108864	134217728	83886080	50331648	50331648	117440512	0	117440512	134217728	33554432	16777216	33554432	0	16777216	0	33554432	33554432	0	0	16777216	33554432	16777216	0	33554432	0	33554432	0	33554432	33554432	0	0	16777216	16777216	33554432	16777216	16777216	33554432	33554432	0	33554432	16777216	117440512	100663296	50331648	167772160	100663296	50331648	67108864	50331648	117440512	33554432	167772160	16777216	16777216	134217728	83886080	50331648	50331648	16777216	117440512	100663296	100663296	0	134217728	33554432	117440512	77518893	16777216	16777216	167772160	50331648	117440512	134217728	134217728	51170508	67108864	16777216	134217728	50331648	0	67108864	117440512	134217728	67862197	11074127	67108864	100663296	134217728	117440512	5685612	33554432	0	67108864	16777216	100663296	20505486	117440512	83886080	20505486	88593021	50331648	50331648	150994944	16777216	150994944	2796202	16777216	16777216	0	167772160	150994944	0	59831058	33554432	83886080	16777216	9490142	6524472	6524472	6524472	6524472	6524472	0	16607749	7456540
0	100663296	150994944	33554432	134217728	150994944	83886080	83886080	67108864	67108864	134217728	0	150994944	33554432	100663296	134217728	0	67108864	134217728	16777216	100663296	0	16777216	117440512	134217728	134217728	33554432	83886080	134217728	150994944	16777216	0	16777216	150994944	50331648	150994944	16777216	50331648	117440512	16777216	16777216	0	16777216	117440512	100663296	167772160	67108864	0	150994944	134217728	83886080	117440512	16777216	50331648	67108864	50331648	50331648	150994944	83886080	33554432	150994944	100663296	167772160	50331648	33554432	16777216	67108864	167772160	117440512	150994944	134217728	50331648	150994944	83886080	33554432	67108864	33554432	117440512	150994944	100663296	33554432	100663296	33554432	100663296	0	0	0	0	0	0	0	0	0	0	0	0	0	0	0	0	0	0	0	0	0	0	0	0	0	0	0	0	0	0	0	0	0	0	150994944	33554432	134217728	150994944	33554432	83886080	67108864	14913080	134217728	0	150994944	33554432	100663296	33554432	0	67108864	16777216	16777216	100663296	0	0	117440512	104391566	29826161	33554432	33554432	134217728	134217728	16777216	0	0	0	50331648	150994944	16777216	50331648	50331648	16777216	3728270	0	0	0	100663296	167772160	67108864	0	0	134217728	83886080	117440512	16777216	16777216	0	50331648	50331648	0	18641351	13048945	0	100663296	100663296	50331648	33554432	16777216	0	167772160	117440512	117440512	117440512	0	0	83886080	33554432	0	0	8388608	8388608	0	0	100663296	0	0
100663296	100663296	134217728	167772160	100663296	100663296	150994944	167772160	67108864	167772160	100663296	67108864	167772160	33554432	67108864	134217728	100663296	134217728	150994944	33554432	117440512	0	16777216	134217728	0	0	16777216	100663296	50331648	67108864	83886080	67108864	134217728	0	0	0	117440512	67108864	33554432	83886080	83886080	50331648	167772160	16777216	16777216	67108864	83886080	16777216	117440512	167772160	0	100663296	100663296	83886080	67108864	0	100663296	150994944	50331648	150994944	83886080	0	100663296	16777216	150994944	150994944	150994944	100663296	134217728	167772160	150994944	100663296	134217728	33554432	0	100663296	100663296	117440512	16777216	16777216	50331648	150994944	67108864	117440512	16777216	0	0	33554432	33554432	0	16777216	33554432	0	33554432	0	16777216	0	33554432	16777216	0	16777216	16777216	16777216	33554432	16777216	33554432	16777216	0	0	16777216	16777216	0	33554432	16777216	33554432	16777216	100663296	100663296	134217728	167772160	100663296	100663296	150994944	100663296	67108864	167772160	100663296	67108864	167772160	33554432	67108864	134217728	100663296	134217728	134217728	33554432	117440512	0	16777216	134217728	0	0	16777216	16777216	50331648	67108864	83886080	67108864	55493868	0	0	0	0	67108864	33554432	83886080	83886080	50331648	1290555	1290555	16777216	67108864	83886080	16777216	32371423	167772160	0	100663296	100663296	83886080	0	0	0	0	3871665	150994944	23122445	0	0	16777216	0	11614995	11614995	100663296	134217728	167772160	150994944	49041092	49041092	33554432	0	0	0	117440512	16777216	0	0	150994944	49041092	0
0	0	0	117440512	83886080	100663296	33554432	134217728	50331648	167772160	0	100663296	0	117440512	167772160	0	67108864	117440512	50331648	117440512	83886080	67108864	117440512	16777216	167772160	117440512	134217728	150994944	33554432	167772160	16777216	67108864	83886080	33554432	83886080	33554432	50331648	16777216	16777216	83886080	117440512	100663296	0	16777216	117440512	16777216	0	16777216	0	33554432	117440512	16777216	50331648	134217728	50331648	150994944	100663296	117440512	50331648	150994944	16777216	0	167772160	117440512	0	33554432	134217728	83886080	33554432	83886080	0	0	150994944	83886080	134217728	33554432	67108864	50331648	50331648	0	150994944	0	134217728	33554432	0	0	0	0	0	0	0	0	0	0	0	0	0	0	0	0	0	0	0	0	0	0	0	0	0	0	0	0	0	0	0	0	0	0	0	117440512	83886080	0	33554432	83886080	50331648	18641351	0	0	0	117440512	167772160	0	0	117440512	50331648	50331648	0	67108864	67108864	16777216	0	13048945	134217728	134217728	33554432	33554432	16777216	67108864	10066329	2236962	67108864	33554432	33554432	16777216	16777216	83886080	13048945	100663296	0	0	117440512	16777216	0	0	0	33554432	33554432	16777216	50331648	50331648	7829367	150994944	100663296	7829367	5592405	16777216	0	0	0	117440512	0	33554432	33554432	83886080	33554432	33554432	0	0	0	83886080	83886080	0	5592405	3355443	3355443	0	0	0	0	0
0	134217728	134217728	100663296	100663296	67108864	67108864	16777216	100663296	16777216	100663296	150994944	150994944	167772160	50331648	16777216	16777216	150994944	150994944	16777216	0	16777216	134217728	50331648	100663296	83886080	167772160	150994944	134217728	100663296	167772160	0	150994944	50331648	150994944	50331648	83886080	100663296	33554432	16777216	150994944	150994944	117440512	134217728	83886080	134217728	134217728	0	50331648	67108864	83886080	67108864	134217728	134217728	33554432	150994944	0	33554432	150994944	83886080	100663296	83886080	150994944	167772160	100663296	150994944	67108864	0	117440512	67108864	167772160	16777216	83886080	150994944	33554432	83886080	16777216	50331648	100663296	67108864	16777216	100663296	16777216	150994944	0	16777216	0	0	0	0	0	0	16777216	0	33554432	16777216	33554432	0	0	16777216	16777216	16777216	0	0	33554432	33554432	33554432	33554432	0	16777216	0	33554432	0	33554432	33554432	0	0	0	134217728	100663296	100663296	67108864	67108864	16777216	100663296	16777216	100663296	150994944	150994944	167772160	50331648	16777216	16777216	150994944	15099494	15099494	0	16777216	16777216	50331648	44339785	10186166	167772160	150994944	134217728	100663296	167772160	0	89997780	6111700	135895449	50331648	83886080	100663296	33554432	16777216	10785353	150994944	117440512	16297866	83886080	134217728	134217728	0	50331648	67108864	67108864	67108864	134217728	134217728	33554432	150994944	0	0	18335100	5991862	16777216	83886080	150994944	167772160	100663296	8148933	8148933	0	117440512	67108864	0	16777216	16777216	150994944	33554432	5592405	16777216	38887189	38887189	16777216	2037233	100663296	1118481	10066329
83886080	100663296	83886080	0	134217728	33554432	67108864	100663296	16777216	167772160	16777216	0	0	100663296	67108864	83886080	134217728	67108864	0	117440512	150994944	134217728	16777216	33554432	50331648	117440512	33554432	16777216	50331648	150994944	50331648	83886080	167772160	117440512	83886080	50331648	150994944	100663296	134217728	83886080	0	50331648	0	167772160	0	33554432	16777216	83886080	67108864	83886080	67108864	117440512	167772160	150994944	0	33554432	0	117440512	50331648	167772160	100663296	83886080	117440512	117440512	83886080	50331648	83886080	100663296	50331648	33554432	50331648	167772160	16777216	16777216	67108864	134217728	16777216	167772160	16777216	0	16777216	117440512	100663296	0	0	0	0	0	0	0	0	0	0	0	0	0	0	0	0	0	0	0	0	0	0	0	0	0	0	0	0	0	0	0	0	0	83886080	83886080	83886080	0	134217728	33554432	0	100663296	16777216	6990506	16777216	0	0	100663296	67108864	67108864	67108864	67108864	0	0	0	134217728	16777216	33554432	13853913	4893354	33554432	16777216	50331648	50331648	50331648	83886080	41895377	13790363	67108864	50331648	50331648	100663296	100663296	83886080	0	50331648	0	0	0	33554432	16777216	0	2796202	83886080	67108864	117440512	167772160	150994944	0	33554432	0	0	2097152	19700518	25308811	83886080	83886080	117440512	83886080	9850259	9850259	100663296	50331648	33554432	33554432	33554432	16777216	16777216	16777216	0	16777216	4218135	4218135	0	0	117440512	16777216	0
50331648	150994944	150994944	100663296	50331648	117440512	150994944	134217728	0	150994944	16777216	16777216	134217728	16777216	117440512	134217728	33554432	50331648	150994944	0	33554432	0	117440512	50331648	0	16777216	117440512	50331648	83886080	50331648	16777216	50331648	150994944	83886080	33554432	16777216	150994944	134217728	134217728	50331648	16777216	150994944	167772160	134217728	100663296	83886080	134217728	33554432	83886080	33554432	67108864	50331648	100663296	0	100663296	50331648	150994944	117440512	50331648	100663296	67108864	83886080	167772160	50331648	117440512	83886080	167772160	67108864	117440512	117440512	16777216	67108864	50331648	117440512	150994944	0	83886080	100663296	67108864	33554432	150994944	50331648	0	50331648	16777216	16777216	33554432	16777216	33554432	0	0	0	16777216	33554432	16777216	0	0	16777216	16777216	16777216	33554432	33554432	0	0	33554432	16777216	16777216	0	16777216	0	0	0	16777216	16777216	33554432	16777216	50331648	150994944	150994944	100663296	50331648	117440512	150994944	134217728	0	150994944	16777216	16777216	134217728	16777216	117440512	134217728	33554432	50331648	150994944	0	33554432	0	0	50331648	0	0	117440512	50331648	83886080	50331648	16777216	50331648	16777216	0	33554432	16777216	16777216	134217728	134217728	50331648	7190235	150994944	167772160	0	100663296	83886080	83886080	33554432	9320675	33554432	67108864	50331648	100663296	0	0	50331648	150994944	0	0	43141412	7456540	83886080	167772160	50331648	117440512	0	0	67108864	117440512	117440512	16777216	67108864	50331648	117440512	150994944	0	83886080	0	0	0	0	50331648	0	50331648
150994944	150994944	33554432	83886080	83886080	83886080	167772160	67108864	117440512	67108864	0	0	16777216	33554432	100663296	16777216	67108864	100663296	150994944	83886080	16777216	83886080	50331648	100663296	117440512	50331648	134217728	50331648	83886080	100663296	117440512	150994944	67108864	0	0	67108864	100663296	0	16777216	16777216	117440512	150994944	16777216	67108864	117440512	83886080	33554432	100663296	16777216	33554432	100663296	117440512	67108864	100663296	50331648	16777216	100663296	67108864	167772160	83886080	100663296	150994944	33554432	0	67108864	150994944	0	33554432	100663296	67108864	16777216	0	150994944	150994944	16777216	134217728	100663296	67108864	167772160	67108864	0	83886080	33554432	50331648	0	0	0	0	0	0	0	0	0	0	0	0	0	0	0	0	0	0	0	0	0	0	0	0	0	0	0	0	0	0	0	0	150994944	150994944	33554432	83886080	83886080	33554432	83886080	67108864	117440512	26021305	0	0	16777216	33554432	100663296	16777216	16777216	100663296	100663296	83886080	16777216	83886080	50331648	100663296	93672789	17349166	134217728	50331648	83886080	83886080	117440512	150994944	65818308	0	0	67108864	67108864	0	0	16777216	9786709	150994944	16777216	16777216	117440512	83886080	33554432	33554432	6452775	33554432	33554432	117440512	67108864	67108864	50331648	16777216	16777216	16777216	57830555	6990506	16777216	150994944	33554432	0	0	52047499	0	33554432	100663296	67108864	16777216	0	0	150994944	16777216	0	41297762	25811101	25811101	25811101	0	83886080	0	0
0	83886080	117440512	134217728	117440512	83886080	16777216	33554432	67108864	100663296	117440512	134217728	16777216	33554432	83886080	167772160	134217728	16777216	134217728	150994944	167772160	0	83886080	33554432	50331648	150994944	150994944	150994944	0	33554432	33554432	33554432	33554432	16777216	50331648	167772160	50331648	83886080	16777216	167772160	83886080	134217728	83886080	100663296	150994944	16777216	0	134217728	167772160	83886080	50331648	67108864	33554432	50331648	50331648	67108864	150994944	134217728	16777216	83886080	0	33554432	100663296	100663296	134217728	117440512	83886080	67108864	117440512	83886080	50331648	167772160	67108864	134217728	50331648	167772160	134217728	0	134217728	117440512	117440512	33554432	50331648	50331648	16777216	0	0	33554432	33554432	0	16777216	33554432	33554432	0	33554432	16777216	16777216	0	16777216	33554432	0	16777216	33554432	16777216	16777216	33554432	33554432	33554432	33554432	33554432	33554432	16777216	16777216	33554432	0	0	0	0	117440512	134217728	117440512	83886080	16777216	33554432	67108864	100663296	117440512	117440512	16777216	33554432	83886080	167772160	134217728	16777216	134217728	134217728	16777216	0	83886080	33554432	50331648	56765016	150994944	150994944	0	33554432	33554432	33554432	33554432	1766022	50331648	167772160	50331648	83886080	16777216	167772160	83886080	134217728	83886080	37843344	150994944	16777216	0	0	17660227	83886080	50331648	67108864	33554432	50331648	36956804	67108864	150994944	14128181	6307224	83886080	0	33554432	33554432	100663296	24403223	31536120	31536120	67108864	117440512	83886080	50331648	167772160	67108864	134217728	50331648	44582811	134217728	0	0	0	0	33554432	13374843	9151208
16777216	134217728	117440512	50331648	67108864	83886080	16777216	150994944	33554432	16777216	83886080	33554432	117440512	150994944	134217728	50331648	67108864	67108864	16777216	100663296	150994944	33554432	16777216	134217728	50331648	33554432	50331648	50331648	50331648	100663296	0	117440512	167772160	33554432	0	167772160	0	83886080	33554432	50331648	150994944	100663296	67108864	167772160	117440512	67108864	67108864	33554432	16777216	33554432	150994944	33554432	16777216	50331648	33554432	117440512	100663296	150994944	16777216	83886080	167772160	117440512	16777216	0	0	50331648	50331648	50331648	16777216	117440512	100663296	117440512	100663296	150994944	83886080	50331648	16777216	134217728	16777216	167772160	0	83886080	67108864	150994944	0	0	0	0	0	0	0	0	0	0	0	0	0	0	0	0	0	0	0	0	0	0	0	0	0	0	0	0	0	0	0	0	16777216	16777216	117440512	50331648	67108864	83886080	16777216	67108864	33554432	2581110	83886080	33554432	117440512	150994944	134217728	50331648	50331648	67108864	16777216	16777216	117440512	33554432	16777216	134217728	50331648	5162220	50331648	50331648	50331648	50331648	0	117440512	0	0	0	167772160	0	83886080	33554432	50331648	23229991	100663296	58038879	45665795	117440512	67108864	67108864	33554432	0	33554432	33554432	33554432	16777216	16777216	0	117440512	100663296	0	2581110	27101656	0	117440512	16777216	0	0	13699738	13699738	50331648	16777216	16777216	16777216	42624416	33554432	150994944	83886080	7190235	0	0	0	0	0	83886080	9586980	16777216
16777216	150994944	167772160	0	134217728	67108864	117440512	167772160	0	16777216	67108864	50331648	33554432	150994944	167772160	167772160	134217728	50331648	134217728	33554432	33554432	33554432	33554432	134217728	150994944	167772160	33554432	33554432	16777216	150994944	167772160	134217728	16777216	16777216	117440512	67108864	150994944	83886080	150994944	33554432	167772160	134217728	16777216	100663296	100663296	16777216	33554432	117440512	134217728	83886080	50331648	0	134217728	167772160	117440512	117440512	50331648	117440512	100663296	67108864	0	0	67108864	100663296	0	0	83886080	134217728	50331648	50331648	100663296	100663296	0	117440512	67108864	150994944	167772160	33554432	0	0	67108864	100663296	100663296	117440512	33554432	33554432	33554432	0	0	33554432	16777216	33554432	16777216	16777216	16777216	0	16777216	33554432	33554432	0	16777216	33554432	0	33554432	16777216	33554432	0	33554432	33554432	0	16777216	16777216	33554432	0	33554432	33554432	16777216	150994944	167772160	0	134217728	67108864	117440512	167772160	0	0	67108864	50331648	33554432	150994944	167772160	167772160	134217728	50331648	134217728	33554432	33554432	33554432	33554432	134217728	150994944	0	33554432	33554432	16777216	16777216	167772160	134217728	16777216	2097152	117440512	67108864	150994944	83886080	150994944	33554432	0	134217728	16777216	16777216	100663296	16777216	16777216	16777216	0	83886080	50331648	0	134217728	167772160	117440512	117440512	50331648	14680064	0	33554432	0	0	67108864	100663296	0	0	0	134217728	50331648	50331648	50331648	44040192	0	117440512	67108864	0	73400320	33554432	0	0	0	100663296	0	0
33554432	134217728	50331648	67108864	16777216	33554432	150994944	0	67108864	150994944	83886080	50331648	167772160	0	50331648	67108864	16777216	117440512	0	117440512	50331648	50331648	33554432	50331648	33554432	67108864	167772160	117440512	167772160	117440512	167772160	83886080	167772160	83886080	0	100663296	67108864	50331648	100663296	117440512	67108864	134217728	50331648	150994944	33554432	33554432	150994944	117440512	150994944	150994944	0	167772160	100663296	134217728	0	50331648	50331648	0	100663296	50331648	167772160	117440512	150994944	134217728	167772160	50331648	0	117440512	117440512	150994944	134217728	100663296	150994944	167772160	117440512	117440512	50331648	67108864	134217728	83886080	134217728	50331648	83886080	134217728	0	0	0	0	0	0	0	0	0	0	0	0	0	0	0	0	0	0	0	0	0	0	0	0	0	0	0	0	0	0	0	0	33554432	33554432	50331648	67108864	16777216	33554432	67108864	0	67108864	19609732	83886080	50331648	167772160	0	50331648	0	0	117440512	0	0	50331648	50331648	33554432	50331648	33554432	7669584	167772160	117440512	167772160	117440512	167772160	83886080	44535882	9586980	0	100663296	67108864	50331648	50331648	117440512	8715436	134217728	43603007	17256565	33554432	33554432	33554432	33554432	19609732	150994944	0	167772160	100663296	100663296	0	50331648	50331648	0	11504376	16777216	0	117440512	117440512	134217728	71991122	5752188	0	117440512	117440512	117440512	117440512	75275551	75275551	167772160	117440512	26346442	15339168	61618138	61618138	15339168	15339168	50331648	18818887	30110220
134217728	150994944	100663296	67108864	0	16777216	150994944	134217728	100663296	67108864	100663296	134217728	167772160	150994944	0	150994944	83886080	50331648	0	16777216	83886080	134217728	167772160	83886080	33554432	150994944	33554432	50331648	100663296	67108864	150994944	83886080	0	0	67108864	50331648	33554432	134217728	167772160	0	117440512	134217728	83886080	83886080	33554432	50331648	100663296	100663296	100663296	33554432	100663296	67108864	167772160	67108864	100663296	150994944	67108864	50331648	50331648	83886080	50331648	83886080	33554432	67108864	150994944	83886080	150994944	150994944	16777216	117440512	150994944	100663296	50331648	134217728	33554432	16777216	134217728	134217728	100663296	33554432	16777216	0	50331648	83886080	0	0	16777216	16777216	0	0	0	0	16777216	33554432	33554432	16777216	16777216	0	33554432	33554432	16777216	16777216	33554432	0	16777216	33554432	33554432	16777216	0	33554432	0	16777216	16777216	16777216	33554432	0	134217728	134217728	100663296	67108864	0	16777216	150994944	134217728	100663296	67108864	100663296	134217728	167772160	150994944	0	0	0	50331648	0	0	83886080	134217728	134217728	83886080	33554432	58074978	33554432	33554432	100663296	67108864	150994944	83886080	0	0	50331648	50331648	33554432	134217728	134217728	0	117440512	134217728	83886080	32263876	33554432	50331648	100663296	33554432	0	33554432	100663296	67108864	167772160	67108864	38347922	150994944	67108864	0	19358326	50331648	0	83886080	33554432	67108864	21570706	58074978	58074978	150994944	16777216	16777216	16777216	100663296	50331648	134217728	33554432	9586980	134217728	75497472	75497472	0	0	0	28760941	11983725
50331648	134217728	117440512	67108864	83886080	33554432	16777216	150994944	134217728	50331648	134217728	150994944	167772160	167772160	33554432	167772160	167772160	83886080	134217728	67108864	134217728	33554432	16777216	33554432	67108864	167772160	117440512	16777216	67108864	16777216	33554432	50331648	0	83886080	150994944	83886080	16777216	117440512	100663296	50331648	50331648	0	167772160	67108864	117440512	134217728	167772160	16777216	117440512	16777216	100663296	83886080	150994944	117440512	50331648	134217728	100663296	16777216	150994944	83886080	100663296	16777216	117440512	134217728	150994944	150994944	117440512	150994944	16777216	100663296	83886080	67108864	83886080	16777216	150994944	100663296	83886080	67108864	33554432	67108864	150994944	0	83886080	134217728	0	0	0	0	0	0	0	0	0	0	0	0	0	0	0	0	0	0	0	0	0	0	0	0	0	0	0	0	0	0	0	0	50331648	50331648	117440512	67108864	83886080	33554432	16777216	83886080	134217728	50331648	134217728	134217728	167772160	167772160	33554432	33554432	33554432	83886080	0	0	134217728	33554432	16777216	33554432	25436424	16236015	117440512	16777216	67108864	16777216	33554432	50331648	0	0	83886080	83886080	16777216	117440512	100663296	50331648	42213640	0	0	0	117440512	134217728	134217728	16777216	0	16777216	16777216	83886080	150994944	117440512	38966437	134217728	100663296	0	14612413	8118007	0	16777216	16777216	134217728	16777216	11365210	11365210	150994944	16777216	16777216	16777216	0	0	16777216	16777216	0	0	16777216	16777216	0	0	0	0	0
134217728	16777216	67108864	150994944	67108864	134217728	150994944	167772160	150994944	150994944	67108864	67108864	67108864	16777216	33554432	134217728	167772160	150994944	167772160	50331648	67108864	134217728	167772160	0	83886080	50331648	150994944	150994944	67108864	0	67108864	117440512	150994944	16777216	134217728	50331648	0	100663296	67108864	67108864	100663296	67108864	67108864	117440512	83886080	167772160	67108864	50331648	117440512	16777216	150994944	150994944	167772160	33554432	67108864	117440512	83886080	16777216	0	150994944	134217728	134217728	150994944	50331648	117440512	134217728	100663296	0	16777216	16777216	0	33554432	117440512	67108864	16777216	167772160	16777216	134217728	100663296	83886080	150994944	50331648	167772160	150994944	33554432	16777216	0	16777216	16777216	0	16777216	33554432	33554432	16777216	16777216	0	33554432	16777216	16777216	33554432	0	16777216	33554432	0	0	16777216	0	16777216	33554432	33554432	33554432	0	16777216	0	16777216	16777216	134217728	16777216	67108864	150994944	67108864	134217728	150994944	167772160	150994944	54358179	67108864	67108864	67108864	16777216	33554432	134217728	134217728	150994944	167772160	50331648	67108864	134217728	134217728	0	83886080	18119393	150994944	150994944	67108864	0	67108864	117440512	150994944	9193914	134217728	50331648	0	100663296	67108864	67108864	36238786	67108864	67108864	55538370	83886080	167772160	67108864	50331648	42278584	16777216	150994944	150994944	167772160	33554432	21983938	117440512	83886080	9193914	0	150994944	73551314	134217728	150994944	50331648	117440512	118474914	100663296	0	16777216	16777216	0	33554432	33554432	67108864	16777216	11570493	16777216	78679357	78679357	16777216	16777216	50331648	11570493	10413444
67108864	167772160	33554432	16777216	16777216	67108864	0	100663296	83886080	150994944	83886080	150994944	100663296	83886080	117440512	167772160	100663296	50331648	50331648	167772160	67108864	83886080	150994944	83886080	0	100663296	33554432	167772160	100663296	16777216	16777216	16777216	67108864	100663296	117440512	150994944	134217728	50331648	100663296	167772160	117440512	50331648	16777216	117440512	100663296	83886080	134217728	67108864	67108864	33554432	67108864	16777216	117440512	117440512	50331648	50331648	167772160	167772160	167772160	100663296	150994944	134217728	117440512	134217728	100663296	67108864	50331648	167772160	167772160	0	16777216	16777216	0	16777216	134217728	67108864	167772160	83886080	150994944	0	50331648	50331648	100663296	117440512	0	0	0	0	0	0	0	0	0	0	0	0	0	0	0	0	0	0	0	0	0	0	0	0	0	0	0	0	0	0	0	0	67108864	67108864	33554432	16777216	16777216	33554432	0	16777216	83886080	23191377	83886080	83886080	100663296	83886080	117440512	83886080	83886080	50331648	11184810	11184810	67108864	83886080	83886080	83886080	0	15460918	33554432	33554432	100663296	16777216	16777216	16777216	10351899	2141772	39146837	150994944	134217728	50331648	50331648	167772160	18037738	50331648	16777216	16777216	100663296	83886080	83886080	67108864	1427848	33554432	33554432	16777216	117440512	117440512	3569620	50331648	50331648	3569620	25768197	83886080	3212658	134217728	117440512	134217728	100663296	23737975	2855696	167772160	167772160	0	0	16777216	0	16777216	16777216	0	9994937	3212658	3212658	0	0	50331648	0	0
150994944	50331648	150994944	117440512	100663296	167772160	117440512	16777216	100663296	0	0	33554432	33554432	150994944	150994944	33554432	134217728	117440512	117440512	117440512	83886080	150994944	100663296	117440512	167772160	33554432	167772160	83886080	83886080	67108864	167772160	33554432	50331648	16777216	50331648	67108864	33554432	67108864	83886080	134217728	50331648	0	83886080	150994944	0	33554432	83886080	83886080	16777216	167772160	150994944	167772160	134217728	33554432	16777216	100663296	83886080	16777216	83886080	100663296	83886080	33554432	117440512	134217728	0	67108864	167772160	50331648	67108864	100663296	16777216	67108864	83886080	67108864	0	167772160	150994944	100663296	0	83886080	100663296	167772160	33554432	50331648	33554432	0	33554432	0	16777216	0	33554432	0	0	16777216	33554432	33554432	0	0	0	33554432	0	0	33554432	16777216	0	16777216	16777216	33554432	16777216	33554432	16777216	0	33554432	33554432	33554432	16777216	150994944	50331648	150994944	117440512	100663296	167772160	117440512	16777216	100663296	0	0	33554432	33554432	150994944	150994944	33554432	33554432	117440512	117440512	117440512	83886080	150994944	100663296	117440512	77725696	13238272	167772160	83886080	83886080	67108864	167772160	33554432	50331648	6291456	50331648	67108864	33554432	67108864	83886080	134217728	50331648	0	83886080	59572224	0	33554432	83886080	83886080	6291456	167772160	150994944	167772160	134217728	33554432	6291456	100663296	83886080	6291456	33095680	39714816	31457280	33554432	33554432	134217728	0	66191360	66191360	50331648	67108864	100663296	16777216	67108864	60817408	67108864	0	0	0	100663296	0	0	0	167772160	27262976	33554432
100663296	67108864	100663296	0	100663296	50331648	50331648	16777216	117440512	67108864	16777216	33554432	50331648	100663296	134217728	134217728	150994944	150994944	150994944	16777216	117440512	100663296	100663296	67108864	150994944	67108864	100663296	0	134217728	134217728	117440512	33554432	0	16777216	83886080	33554432	83886080	150994944	50331648	16777216	0	117440512	134217728	16777216	167772160	150994944	67108864	100663296	67108864	100663296	33554432	33554432	117440512	50331648	134217728	16777216	50331648	67108864	150994944	117440512	134217728	67108864	16777216	33554432	16777216	100663296	67108864	150994944	134217728	134217728	83886080	16777216	16777216	33554432	117440512	117440512	16777216	50331648	134217728	83886080	134217728	0	33554432	167772160	0	0	0	0	0	0	0	0	0	0	0	0	0	0	0	0	0	0	0	0	0	0	0	0	0	0	0	0	0	0	0	0	100663296	67108864	100663296	0	100663296	50331648	0	16777216	117440512	27633061	16777216	16777216	50331648	100663296	134217728	100663296	100663296	150994944	67108864	16777216	50331648	100663296	100663296	67108864	50331648	27633061	100663296	0	134217728	134217728	117440512	33554432	0	0	83886080	33554432	33554432	150994944	50331648	16777216	0	117440512	100663296	16777216	167772160	150994944	67108864	67108864	0	100663296	33554432	33554432	117440512	50331648	0	16777216	16777216	0	62174388	16777216	0	67108864	16777216	33554432	6908265	44410277	33554432	150994944	134217728	134217728	83886080	16777216	16777216	33554432	33554432	6908265	0	16777216	16777216	0	0	0	0	9868950
0	50331648	50331648	33554432	16777216	0	0	33554432	117440512	83886080	33554432	33554432	100663296	16777216	67108864	33554432	117440512	67108864	167772160	16777216	100663296	117440512	0	117440512	134217728	167772160	50331648	0	0	83886080	33554432	83886080	117440512	50331648	150994944	134217728	100663296	100663296	67108864	83886080	134217728	33554432	83886080	167772160	0	100663296	150994944	150994944	0	0	0	83886080	83886080	150994944	83886080	50331648	83886080	117440512	0	100663296	83886080	100663296	16777216	16777216	134217728	134217728	83886080	67108864	16777216	67108864	167772160	134217728	33554432	33554432	167772160	33554432	0	83886080	33554432	167772160	134217728	83886080	134217728	0	33554432	16777216	33554432	16777216	16777216	16777216	16777216	0	16777216	16777216	16777216	0	0	33554432	0	33554432	0	33554432	0	33554432	0	16777216	33554432	33554432	33554432	33554432	33554432	16777216	33554432	33554432	33554432	0	0	50331648	50331648	33554432	16777216	0	0	33554432	117440512	83886080	33554432	33554432	100663296	16777216	67108864	33554432	33554432	67108864	167772160	16777216	100663296	117440512	0	117440512	96715715	34541327	50331648	0	0	83886080	33554432	83886080	117440512	10362398	150994944	134217728	100663296	100663296	67108864	83886080	63161283	33554432	83886080	34541327	0	100663296	150994944	0	0	0	0	83886080	83886080	83886080	50331648	50331648	83886080	50331648	0	20724796	33554432	100663296	16777216	16777216	16777216	17270663	17270663	67108864	16777216	67108864	67108864	134217728	33554432	33554432	167772160	6710886	0	0	0	0	0	83886080	26843545	0
134217728	50331648	100663296	150994944	33554432	150994944	67108864	0	50331648	50331648	33554432	167772160	16777216	167772160	117440512	67108864	83886080	0	67108864	134217728	16777216	16777216	0	0	16777216	167772160	100663296	50331648	117440512	167772160	117440512	50331648	117440512	16777216	0	167772160	33554432	83886080	33554432	16777216	83886080	16777216	83886080	16777216	117440512	117440512	100663296	0	67108864	100663296	83886080	0	67108864	100663296	150994944	0	33554432	33554432	117440512	134217728	67108864	83886080	117440512	167772160	100663296	167772160	16777216	0	0	167772160	33554432	0	67108864	33554432	50331648	50331648	83886080	117440512	33554432	134217728	0	16777216	100663296	33554432	0	0	0	0	0	0	0	0	0	0	0	0	0	0	0	0	0	0	0	0	0	0	0	0	0	0	0	0	0	0	0	0	134217728	50331648	100663296	150994944	33554432	100663296	67108864	0	50331648	14380470	33554432	33554432	16777216	167772160	117440512	67108864	67108864	0	0	0	16777216	16777216	0	0	0	0	100663296	50331648	117440512	117440512	117440512	50331648	50331648	0	0	167772160	33554432	83886080	33554432	16777216	16777216	16777216	16777216	0	117440512	117440512	100663296	0	19173961	100663296	83886080	0	67108864	67108864	0	0	0	0	0	0	31157686	83886080	83886080	167772160	83886080	0	0	0	0	0	0	0	0	33554432	33554432	0	0	0	0	0	0	16777216	0	0
117440512	117440512	16777216	134217728	33554432	0	100663296	167772160	167772160	134217728	33554432	16777216	67108864	134217728	50331648	0	100663296	150994944	134217728	67108864	117440512	117440512	33554432	0	100663296	167772160	100663296	16777216	167772160	83886080	100663296	67108864	100663296	50331648	33554432	83886080	134217728	167772160	16777216	83886080	83886080	67108864	0	50331648	83886080	50331648	167772160	100663296	150994944	67108864	83886080	100663296	100663296	16777216	100663296	33554432	100663296	117440512	117440512	50331648	100663296	117440512	134217728	16777216	83886080	67108864	83886080	167772160	117440512	117440512	33554432	134217728	134217728	100663296	117440512	67108864	16777216	0	33554432	33554432	16777216	117440512	83886080	134217728	16777216	16777216	0	0	16777216	16777216	0	16777216	33554432	0	0	16777216	33554432	0	16777216	33554432	0	33554432	33554432	0	0	33554432	33554432	33554432	0	0	16777216	16777216	16777216	16777216	33554432	0	117440512	117440512	16777216	134217728	33554432	0	100663296	33554432	167772160	134217728	33554432	16777216	67108864	134217728	50331648	0	0	150994944	117440512	67108864	67108864	117440512	33554432	0	100663296	53687091	100663296	16777216	167772160	83886080	100663296	67108864	100663296	16106127	33554432	83886080	134217728	167772160	16777216	83886080	83886080	67108864	0	0	83886080	50331648	50331648	50331648	74770459	67108864	83886080	100663296	100663296	16777216	9786709	33554432	100663296	9786709	37580963	50331648	0	117440512	134217728	16777216	51622203	26843545	26843545	167772160	117440512	117440512	33554432	134217728	90876586	100663296	117440512	0	0	0	0	0	0	117440512	6990506	82595524
83886080	83886080	67108864	83886080	50331648	167772160	0	0	117440512	83886080	67108864	117440512	100663296	150994944	134217728	117440512	50331648	50331648	83886080	67108864	117440512	134217728	100663296	50331648	0	0	83886080	134217728	0	50331648	134217728	67108864	50331648	16777216	67108864	100663296	33554432	167772160	33554432	0	117440512	100663296	150994944	67108864	33554432	117440512	134217728	117440512	150994944	100663296	134217728	100663296	150994944	83886080	83886080	83886080	167772160	150994944	117440512	117440512	33554432	100663296	117440512	67108864	134217728	50331648	83886080	0	100663296	50331648	50331648	83886080	117440512	16777216	150994944	117440512	0	134217728	67108864	83886080	50331648	67108864	167772160	150994944	0	0	0	0	0	0	0	0	0	0	0	0	0	0	0	0	0	0	0	0	0	0	0	0	0	0	0	0	0	0	0	0	83886080	83886080	67108864	83886080	50331648	67108864	0	0	117440512	41743311	67108864	67108864	100663296	150994944	134217728	117440512	50331648	50331648	10066329	10066329	100663296	134217728	100663296	50331648	0	0	83886080	83886080	0	0	134217728	67108864	40265318	1917396	40265318	100663296	33554432	167772160	33554432	0	0	100663296	28448322	11671106	33554432	117440512	117440512	33554432	17256565	100663296	100663296	100663296	150994944	83886080	17256565	83886080	83886080	17256565	58440635	0	3834792	100663296	100663296	67108864	67108864	28634157	9586980	0	100663296	50331648	0	72214973	72214973	16777216	16777216	16777216	0	11191757	11191757	0	0	67108864	29177766	26259990
167772160	67108864	67108864	83886080	67108864	33554432	67108864	33554432	0	33554432	134217728	83886080	134217728	83886080	50331648	0	100663296	16777216	150994944	134217728	83886080	134217728	0	67108864	100663296	100663296	117440512	150994944	134217728	150994944	50331648	67108864	100663296	50331648	134217728	150994944	117440512	0	33554432	134217728	100663296	67108864	16777216	167772160	150994944	33554432	117440512	150994944	83886080	100663296	150994944	167772160	134217728	83886080	83886080	16777216	33554432	167772160	150994944	67108864	150994944	67108864	0	150994944	83886080	0	117440512	167772160	134217728	134217728	16777216	167772160	100663296	50331648	167772160	134217728	33554432	50331648	16777216	67108864	150994944	150994944	50331648	134217728	0	33554432	33554432	0	0	33554432	16777216	16777216	16777216	33554432	16777216	0	0	0	0	16777216	0	0	16777216	33554432	16777216	0	0	33554432	33554432	33554432	0	16777216	16777216	0	33554432	16777216	167772160	67108864	67108864	83886080	67108864	33554432	67108864	33554432	0	0	134217728	83886080	134217728	83886080	50331648	0	0	16777216	150994944	134217728	83886080	134217728	0	67108864	100663296	0	117440512	150994944	134217728	134217728	50331648	67108864	100663296	50331648	134217728	150994944	117440512	0	0	134217728	0	67108864	16777216	9320675	150994944	33554432	117440512	117440512	0	100663296	100663296	167772160	134217728	83886080	33554432	16777216	33554432	33554432	0	67108864	0	67108864	0	150994944	0	0	0	167772160	134217728	134217728	16777216	167772160	100663296	50331648	50331648	7456540	33554432	50331648	16777216	16777216	0	150994944	50331648	0
16777216	100663296	50331648	0	0	134217728	117440512	117440512	167772160	150994944	167772160	16777216	134217728	167772160	50331648	134217728	83886080	83886080	83886080	50331648	16777216	50331648	117440512	83886080	134217728	134217728	67108864	33554432	167772160	33554432	150994944	83886080	50331648	117440512	50331648	50331648	67108864	117440512	67108864	16777216	33554432	150994944	33554432	100663296	150994944	0	0	167772160	33554432	33554432	16777216	134217728	150994944	33554432	83886080	83886080	83886080	50331648	100663296	117440512	167772160	117440512	83886080	67108864	83886080	0	150994944	67108864	16777216	67108864	117440512	33554432	50331648	50331648	134217728	0	150994944	0	117440512	50331648	83886080	150994944	0	16777216	0	0	0	0	0	0	0	0	0	0	0	0	0	0	0	0	0	0	0	0	0	0	0	0	0	0	0	0	0	0	0	0	16777216	16777216	50331648	0	0	50331648	0	0	167772160	85860368	167772160	16777216	134217728	167772160	50331648	50331648	50331648	83886080	40744667	40744667	16777216	50331648	50331648	83886080	70837134	42061666	67108864	33554432	167772160	33554432	150994944	83886080	50331648	16014615	43141412	50331648	50331648	117440512	67108864	16777216	3728270	150994944	33554432	31546250	150994944	0	0	0	4575604	33554432	16777216	134217728	150994944	33554432	33554432	83886080	83886080	6863406	31546250	13048945	22878021	117440512	83886080	67108864	67108864	0	0	67108864	16777216	16777216	16777216	33554432	33554432	50331648	50331648	0	67108864	0	0	0	0	150994944	0	16777216
167772160	67108864	16777216	33554432	67108864	83886080	100663296	16777216	50331648	0	100663296	16777216	100663296	50331648	33554432	167772160	67108864	134217728	167772160	83886080	167772160	16777216	167772160	0	0	117440512	167772160	0	33554432	67108864	0	16777216	150994944	0	134217728	100663296	150994944	33554432	150994944	50331648	0	33554432	33554432	16777216	67108864	100663296	167772160	150994944	67108864	134217728	150994944	167772160	67108864	50331648	67108864	67108864	0	134217728	150994944	134217728	134217728	33554432	134217728	83886080	16777216	100663296	83886080	67108864	0	134217728	100663296	0	150994944	0	134217728	83886080	67108864	0	33554432	117440512	167772160	67108864	150994944	50331648	0	16777216	16777216	33554432	0	0	0	0	16777216	33554432	16777216	16777216	33554432	33554432	33554432	33554432	33554432	0	0	0	33554432	33554432	33554432	16777216	16777216	0	33554432	33554432	16777216	16777216	0	33554432	167772160	67108864	16777216	33554432	67108864	83886080	100663296	16777216	50331648	0	100663296	16777216	100663296	50331648	33554432	33554432	33554432	134217728	167772160	83886080	167772160	16777216	16777216	0	0	5338205	167772160	0	33554432	67108864	0	16777216	0	0	134217728	100663296	150994944	33554432	33554432	50331648	0	33554432	33554432	762600	67108864	100663296	100663296	100663296	0	134217728	150994944	167772160	67108864	50331648	50331648	67108864	0	0	6863406	0	0	33554432	134217728	83886080	16777216	3813003	3813003	67108864	0	134217728	100663296	0	0	0	134217728	0	67108864	0	0	0	0	67108864	0	0
100663296	0	16777216	100663296	117440512	83886080	117440512	50331648	50331648	0	50331648	134217728	167772160	134217728	150994944	0	33554432	134217728	100663296	83886080	117440512	0	67108864	134217728	134217728	83886080	100663296	83886080	67108864	117440512	100663296	0	0	67108864	33554432	167772160	134217728	117440512	100663296	167772160	16777216	0	117440512	150994944	0	50331648	167772160	67108864	100663296	16777216	100663296	33554432	150994944	33554432	16777216	83886080	167772160	150994944	16777216	117440512	150994944	16777216	83886080	134217728	117440512	100663296	134217728	167772160	117440512	117440512	117440512	0	83886080	117440512	134217728	134217728	16777216	117440512	134217728	167772160	167772160	134217728	50331648	83886080	0	0	0	0	0	0	0	0	0	0	0	0	0	0	0	0	0	0	0	0	0	0	0	0	0	0	0	0	0	0	0	0	100663296	0	16777216	100663296	117440512	16777216	100663296	50331648	50331648	0	50331648	50331648	167772160	134217728	150994944	0	0	134217728	100663296	83886080	117440512	0	0	134217728	43141412	35951177	100663296	83886080	67108864	67108864	100663296	0	0	0	33554432	167772160	134217728	117440512	100663296	167772160	7190235	0	0	0	0	50331648	50331648	0	0	16777216	16777216	33554432	150994944	33554432	0	83886080	83886080	0	7190235	91076315	0	16777216	16777216	134217728	16777216	0	0	167772160	117440512	117440512	117440512	0	0	117440512	117440512	0	0	33554432	33554432	0	0	134217728	0	0
117440512	16777216	100663296	117440512	83886080	134217728	150994944	50331648	150994944	83886080	134217728	100663296	150994944	16777216	16777216	100663296	134217728	83886080	167772160	67108864	16777216	67108864	134217728	33554432	134217728	100663296	117440512	134217728	50331648	167772160	167772160	83886080	67108864	50331648	0	150994944	83886080	50331648	117440512	67108864	50331648	150994944	50331648	50331648	83886080	100663296	167772160	33554432	50331648	150994944	16777216	167772160	100663296	33554432	83886080	134217728	117440512	16777216	33554432	16777216	16777216	134217728	150994944	150994944	83886080	134217728	67108864	33554432	33554432	33554432	167772160	0	67108864	150994944	50331648	33554432	100663296	0	33554432	83886080	33554432	167772160	117440512	16777216	16777216	33554432	0	33554432	0	0	33554432	16777216	33554432	33554432	16777216	16777216	33554432	16777216	0	0	33554432	16777216	16777216	16777216	16777216	0	16777216	0	0	16777216	0	33554432	16777216	16777216	0	0	117440512	16777216	100663296	117440512	83886080	134217728	150994944	50331648	150994944	83886080	134217728	100663296	150994944	16777216	16777216	16777216	16777216	83886080	83886080	67108864	16777216	67108864	134217728	33554432	134217728	100663296	117440512	117440512	50331648	167772160	167772160	83886080	51622203	19358326	0	150994944	83886080	50331648	117440512	67108864	50331648	150994944	50331648	50331648	83886080	100663296	167772160	33554432	19358326	150994944	16777216	167772160	100663296	33554432	6452775	134217728	117440512	6452775	33554432	16777216	6452775	134217728	150994944	150994944	83886080	64527753	25811101	33554432	33554432	33554432	33554432	0	0	150994944	50331648	0	100663296	0	0	0	0	167772160	0	0
50331648	33554432	117440512	134217728	117440512	50331648	16777216	0	16777216	33554432	83886080	167772160	134217728	134217728	67108864	100663296	50331648	150994944	33554432	33554432	150994944	16777216	50331648	16777216	167772160	16777216	167772160	0	134217728	50331648	100663296	0	83886080	117440512	0	117440512	150994944	83886080	83886080	100663296	50331648	100663296	50331648	33554432	150994944	16777216	0	33554432	16777216	33554432	83886080	134217728	83886080	117440512	134217728	33554432	50331648	167772160	134217728	167772160	33554432	134217728	167772160	16777216	150994944	117440512	117440512	150994944	117440512	33554432	83886080	134217728	50331648	67108864	33554432	167772160	67108864	167772160	167772160	0	117440512	167772160	16777216	16777216	0	0	0	0	0	0	0	0	0	0	0	0	0	0	0	0	0	0	0	0	0	0	0	0	0	0	0	0	0	0	0	0	50331648	33554432	117440512	134217728	117440512	50331648	16777216	0	16777216	2396745	83886080	83886080	134217728	134217728	67108864	67108864	50331648	150994944	33554432	33554432	134217728	16777216	16777216	16777216	0	1198372	167772160	0	134217728	50331648	100663296	0	0	0	0	117440512	117440512	83886080	83886080	100663296	3595117	100663296	39546294	5991862	150994944	16777216	0	0	0	33554432	33554432	134217728	83886080	83886080	0	33554432	33554432	0	9586980	16777216	0	134217728	134217728	16777216	16777216	0	0	150994944	117440512	33554432	33554432	42741955	42741955	67108864	33554432	33554432	18375046	50331648	50331648	0	0	167772160	4593761	4593761
150994944	100663296	67108864	150994944	83886080	67108864	167772160	0	16777216	67108864	100663296	67108864	100663296	134217728	33554432	16777216	83886080	167772160	150994944	50331648	50331648	167772160	16777216	167772160	134217728	50331648	50331648	16777216	67108864	16777216	33554432	67108864	0	33554432	83886080	100663296	67108864	167772160	167772160	167772160	150994944	16777216	33554432	16777216	0	33554432	16777216	100663296	33554432	117440512	0	100663296	83886080	67108864	16777216	167772160	167772160	0	67108864	0	50331648	83886080	100663296	67108864	67108864	67108864	16777216	50331648	100663296	67108864	167772160	0	150994944	100663296	100663296	134217728	50331648	117440512	134217728	0	50331648	100663296	33554432	134217728	33554432	16777216	0	16777216	33554432	16777216	33554432	33554432	33554432	0	16777216	16777216	33554432	16777216	33554432	0	0	16777216	16777216	0	33554432	0	0	33554432	16777216	33554432	0	16777216	0	16777216	16777216	0	150994944	100663296	67108864	150994944	83886080	67108864	150994944	0	16777216	3355443	100663296	67108864	100663296	134217728	33554432	16777216	16777216	167772160	150994944	50331648	50331648	167772160	16777216	167772160	134217728	2516582	50331648	16777216	67108864	16777216	33554432	67108864	0	0	83886080	100663296	67108864	167772160	167772160	167772160	7549747	16777216	4194304	4194304	0	33554432	16777216	0	0	117440512	0	100663296	83886080	67108864	16777216	167772160	167772160	0	3355443	0	0	83886080	100663296	67108864	67108864	67108864	16777216	50331648	100663296	67108864	67108864	0	0	100663296	100663296	0	12582912	117440512	117440512	0	0	100663296	0	0
0	0	67108864	33554432	50331648	67108864	50331648	167772160	100663296	67108864	167772160	167772160	134217728	167772160	0	16777216	67108864	117440512	167772160	67108864	134217728	150994944	167772160	50331648	167772160	0	83886080	117440512	134217728	150994944	167772160	167772160	33554432	150994944	150994944	67108864	33554432	100663296	100663296	134217728	67108864	67108864	0	0	0	150994944	33554432	33554432	16777216	83886080	117440512	33554432	83886080	150994944	117440512	150994944	83886080	117440512	83886080	0	33554432	16777216	167772160	134217728	150994944	67108864	67108864	100663296	83886080	100663296	33554432	50331648	16777216	67108864	100663296	100663296	167772160	167772160	134217728	117440512	167772160	33554432	33554432	67108864	0	0	0	0	0	0	0	0	0	0	0	0	0	0	0	0	0	0	0	0	0	0	0	0	0	0	0	0	0	0	0	0	0	0	67108864	33554432	50331648	67108864	33554432	50331648	100663296	30498027	167772160	167772160	134217728	167772160	0	0	0	117440512	9586980	9586980	134217728	150994944	150994944	50331648	50331648	0	83886080	83886080	134217728	134217728	167772160	167772160	33554432	13902347	107853531	67108864	33554432	100663296	100663296	134217728	30498027	67108864	0	0	0	150994944	33554432	0	1544705	83886080	83886080	33554432	83886080	83886080	10812937	150994944	83886080	10812937	38122534	0	0	16777216	16777216	134217728	6564997	67108864	67108864	100663296	83886080	83886080	33554432	50331648	8152611	67108864	67108864	0	7294441	7294441	7294441	7294441	7294441	33554432	5234834	2917776
100663296	100663296	33554432	167772160	150994944	0	50331648	167772160	83886080	33554432	33554432	117440512	100663296	167772160	150994944	16777216	50331648	16777216	167772160	167772160	167772160	83886080	67108864	50331648	150994944	150994944	100663296	83886080	67108864	100663296	150994944	67108864	16777216	150994944	100663296	33554432	0	134217728	0	0	100663296	100663296	167772160	50331648	100663296	0	50331648	33554432	167772160	100663296	0	67108864	0	134217728	33554432	0	67108864	117440512	67108864	117440512	0	150994944	134217728	0	33554432	167772160	134217728	150994944	33554432	117440512	16777216	33554432	50331648	67108864	16777216	100663296	0	100663296	150994944	150994944	16777216	16777216	67108864	16777216	33554432	0	16777216	0	0	0	0	33554432	16777216	33554432	33554432	16777216	16777216	0	16777216	16777216	0	16777216	0	33554432	16777216	33554432	33554432	0	33554432	0	16777216	33554432	33554432	33554432	33554432	16777216	100663296	100663296	33554432	167772160	150994944	0	50331648	167772160	83886080	33554432	33554432	117440512	100663296	167772160	150994944	16777216	16777216	16777216	167772160	167772160	167772160	83886080	67108864	50331648	150994944	93645902	100663296	83886080	67108864	100663296	150994944	67108864	16777216	5807497	100663296	33554432	0	134217728	0	0	0	100663296	167772160	31215300	100663296	0	0	0	6452775	100663296	0	67108864	0	134217728	4516942	0	67108864	4516942	41620401	0	0	150994944	134217728	0	33554432	45814705	45814705	150994944	33554432	117440512	16777216	33554432	33554432	67108864	16777216	16777216	0	67108864	67108864	0	0	16777216	13421772	3355443
134217728	33554432	0	83886080	50331648	167772160	50331648	100663296	167772160	16777216	167772160	83886080	0	33554432	33554432	16777216	33554432	50331648	16777216	83886080	67108864	50331648	83886080	50331648	117440512	67108864	83886080	67108864	0	0	150994944	50331648	83886080	16777216	50331648	16777216	50331648	0	117440512	167772160	134217728	83886080	33554432	150994944	100663296	100663296	117440512	167772160	50331648	117440512	67108864	100663296	0	100663296	67108864	150994944	16777216	33554432	100663296	100663296	67108864	100663296	16777216	16777216	16777216	33554432	150994944	50331648	150994944	50331648	67108864	67108864	0	150994944	117440512	117440512	16777216	50331648	83886080	100663296	67108864	16777216	100663296	33554432	0	0	0	0	0	0	0	0	0	0	0	0	0	0	0	0	0	0	0	0	0	0	0	0	0	0	0	0	0	0	0	0	134217728	33554432	0	83886080	50331648	0	50331648	50331648	167772160	14859819	167772160	83886080	0	33554432	33554432	16777216	16777216	50331648	16777216	16777216	0	50331648	50331648	50331648	34225520	10737418	83886080	67108864	0	0	150994944	50331648	28760941	2396745	33554432	16777216	16777216	0	0	167772160	118878559	83886080	24159191	24159191	100663296	100663296	100663296	100663296	7190235	117440512	67108864	100663296	0	0	0	150994944	16777216	0	16106127	16106127	9586980	100663296	16777216	16777216	7190235	21570706	21570706	50331648	150994944	50331648	50331648	50139908	0	150994944	117440512	0	9586980	50331648	50331648	9586980	9586980	16777216	0	0
117440512	100663296	83886080	50331648	100663296	33554432	117440512	167772160	150994944	0	117440512	117440512	167772160	0	150994944	167772160	117440512	67108864	67108864	83886080	167772160	0	83886080	16777216	0	83886080	117440512	33554432	50331648	167772160	134217728	0	50331648	100663296	134217728	83886080	50331648	167772160	117440512	67108864	117440512	0	33554432	0	67108864	167772160	33554432	100663296	16777216	117440512	83886080	83886080	167772160	67108864	16777216	16777216	16777216	0	50331648	167772160	100663296	0	67108864	83886080	0	100663296	167772160	83886080	134217728	0	83886080	150994944	67108864	150994944	150994944	83886080	167772160	16777216	83886080	100663296	67108864	134217728	16777216	150994944	33554432	33554432	33554432	0	33554432	0	33554432	33554432	16777216	16777216	0	0	16777216	0	0	33554432	0	0	0	16777216	33554432	33554432	33554432	16777216	33554432	0	0	0	16777216	33554432	16777216	33554432	117440512	100663296	83886080	50331648	100663296	33554432	50331648	100663296	150994944	0	117440512	117440512	167772160	0	150994944	0	0	67108864	67108864	67108864	167772160	0	83886080	16777216	0	14979657	117440512	33554432	50331648	167772160	134217728	0	50331648	17975588	134217728	83886080	50331648	167772160	117440512	67108864	27633061	0	33554432	0	67108864	167772160	33554432	33554432	16777216	117440512	83886080	83886080	167772160	67108864	16777216	16777216	16777216	0	8987794	39475802	0	0	67108864	83886080	0	29959314	29959314	83886080	134217728	0	0	150994944	67108864	150994944	150994944	22369621	167772160	16777216	16777216	15578843	11983725	134217728	4473924	40265318
117440512	67108864	117440512	134217728	100663296	16777216	16777216	134217728	50331648	67108864	50331648	16777216	100663296	150994944	100663296	134217728	33554432	50331648	117440512	50331648	117440512	167772160	134217728	117440512	0	50331648	83886080	100663296	150994944	16777216	67108864	134217728	134217728	134217728	67108864	83886080	83886080	117440512	167772160	117440512	67108864	16777216	134217728	83886080	117440512	100663296	100663296	50331648	134217728	167772160	150994944	16777216	150994944	117440512	83886080	67108864	150994944	134217728	16777216	0	33554432	50331648	0	134217728	117440512	83886080	134217728	83886080	150994944	0	150994944	0	150994944	33554432	50331648	83886080	33554432	167772160	100663296	33554432	83886080	167772160	117440512	100663296	0	0	0	0	0	0	0	0	0	0	0	0	0	0	0	0	0	0	0	0	0	0	0	0	0	0	0	0	0	0	0	0	117440512	67108864	117440512	134217728	100663296	16777216	16777216	100663296	50331648	10066329	50331648	16777216	100663296	150994944	100663296	100663296	33554432	50331648	7190235	7190235	100663296	167772160	134217728	117440512	0	7549747	83886080	83886080	150994944	16777216	67108864	134217728	67108864	24159191	43141412	83886080	83886080	117440512	117440512	117440512	10066329	16777216	16777216	16777216	117440512	100663296	100663296	50331648	20132659	167772160	150994944	16777216	150994944	117440512	16777216	67108864	67108864	16777216	2516582	0	6039797	50331648	0	134217728	0	83214991	50331648	83886080	150994944	0	0	0	0	33554432	33554432	0	0	0	0	0	0	167772160	0	0
33554432	16777216	83886080	134217728	134217728	134217728	16777216	100663296	33554432	33554432	100663296	167772160	50331648	33554432	134217728	117440512	16777216	134217728	100663296	67108864	117440512	100663296	150994944	134217728	33554432	83886080	83886080	134217728	83886080	150994944	100663296	0	100663296	167772160	167772160	16777216	167772160	50331648	16777216	83886080	134217728	167772160	134217728	117440512	67108864	33554432	50331648	100663296	67108864	134217728	67108864	33554432	100663296	50331648	67108864	50331648	117440512	67108864	150994944	16777216	167772160	33554432	100663296	16777216	100663296	33554432	16777216	100663296	33554432	83886080	134217728	83886080	167772160	134217728	100663296	167772160	33554432	67108864	167772160	83886080	50331648	50331648	100663296	16777216	33554432	0	33554432	16777216	0	0	33554432	33554432	16777216	0	0	33554432	16777216	16777216	0	16777216	0	16777216	0	33554432	0	33554432	33554432	33554432	16777216	33554432	16777216	16777216	16777216	0	33554432	16777216	33554432	16777216	83886080	134217728	134217728	83886080	16777216	100663296	33554432	33554432	100663296	167772160	50331648	33554432	134217728	117440512	16777216	134217728	100663296	67108864	117440512	100663296	150994944	134217728	33554432	28890059	83886080	83886080	83886080	83886080	100663296	0	100663296	53704844	167772160	16777216	167772160	50331648	16777216	83886080	74565404	167772160	134217728	40446083	67108864	33554432	50331648	50331648	21481937	134217728	67108864	33554432	100663296	50331648	4971026	50331648	117440512	4971026	52002106	9320675	16777216	33554432	33554432	16777216	28583405	5778011	5778011	100663296	33554432	83886080	83886080	83886080	21126864	134217728	100663296	12427567	3728270	3728270	3728270	3728270	3728270	50331648	7456540	1242756
33554432	83886080	117440512	100663296	0	100663296	50331648	33554432	134217728	33554432	0	117440512	134217728	167772160	16777216	83886080	33554432	67108864	150994944	67108864	83886080	0	150994944	16777216	50331648	33554432	134217728	50331648	167772160	100663296	100663296	67108864	0	16777216	167772160	0	33554432	167772160	117440512	167772160	134217728	67108864	117440512	150994944	16777216	100663296	50331648	167772160	83886080	167772160	83886080	100663296	50331648	0	134217728	83886080	134217728	33554432	83886080	33554432	83886080	100663296	134217728	100663296	16777216	0	16777216	67108864	134217728	134217728	33554432	134217728	150994944	16777216	33554432	50331648	150994944	134217728	117440512	16777216	134217728	100663296	117440512	100663296	0	0	0	0	0	0	0	0	0	0	0	0	0	0	0	0	0	0	0	0	0	0	0	0	0	0	0	0	0	0	0	0	33554432	33554432	117440512	100663296	0	100663296	50331648	0	134217728	25538651	0	0	134217728	167772160	16777216	16777216	16777216	67108864	0	0	83886080	0	0	16777216	14913080	1864135	134217728	50331648	167772160	100663296	100663296	67108864	0	0	67108864	0	0	167772160	117440512	167772160	102154604	67108864	23068672	8388608	16777216	100663296	50331648	16777216	0	167772160	83886080	100663296	50331648	0	0	83886080	83886080	0	4660337	1864135	0	100663296	100663296	100663296	16777216	0	0	67108864	134217728	134217728	33554432	44040192	44040192	16777216	16777216	14680064	0	50331648	50331648	0	0	100663296	0	29360128
50331648	117440512	150994944	50331648	16777216	33554432	150994944	0	167772160	16777216	100663296	67108864	33554432	33554432	117440512	150994944	67108864	0	16777216	33554432	100663296	16777216	100663296	33554432	33554432	167772160	50331648	134217728	0	33554432	83886080	83886080	134217728	83886080	100663296	117440512	16777216	33554432	150994944	50331648	0	67108864	117440512	33554432	33554432	117440512	0	67108864	150994944	83886080	50331648	100663296	150994944	16777216	67108864	134217728	134217728	33554432	134217728	167772160	67108864	134217728	134217728	67108864	16777216	134217728	83886080	167772160	134217728	16777216	33554432	83886080	83886080	16777216	0	134217728	167772160	67108864	167772160	50331648	0	33554432	83886080	33554432	0	0	16777216	16777216	0	0	0	16777216	33554432	0	0	33554432	16777216	33554432	33554432	16777216	0	33554432	0	33554432	0	16777216	33554432	33554432	33554432	16777216	0	16777216	0	0	33554432	16777216	50331648	117440512	150994944	50331648	16777216	33554432	50331648	0	167772160	16777216	100663296	67108864	33554432	33554432	117440512	117440512	67108864	0	16777216	16777216	100663296	16777216	100663296	33554432	33554432	47828380	50331648	50331648	0	0	83886080	83886080	66309948	14646775	100663296	117440512	16777216	33554432	33554432	50331648	0	67108864	117440512	9565676	33554432	117440512	0	0	26364196	83886080	50331648	100663296	150994944	16777216	4793490	134217728	134217728	4793490	38262704	50331648	11717420	134217728	134217728	67108864	16777216	23914190	23914190	167772160	134217728	16777216	16777216	83886080	78293674	16777216	0	0	8788065	8788065	8788065	8788065	0	33554432	11983725	33554432
0	100663296	167772160	150994944	33554432	33554432	16777216	67108864	134217728	83886080	150994944	67108864	100663296	0	83886080	33554432	150994944	83886080	83886080	33554432	134217728	167772160	150994944	150994944	134217728	134217728	150994944	33554432	67108864	50331648	83886080	134217728	117440512	33554432	167772160	117440512	134217728	117440512	50331648	117440512	0	16777216	167772160	117440512	83886080	150994944	16777216	50331648	50331648	134217728	100663296	0	83886080	167772160	83886080	83886080	0	117440512	0	150994944	83886080	134217728	33554432	0	117440512	100663296	167772160	167772160	0	83886080	83886080	167772160	150994944	167772160	83886080	33554432	67108864	16777216	0	167772160	83886080	83886080	117440512	167772160	0	0	0	0	0	0	0	0	0	0	0	0	0	0	0	0	0	0	0	0	0	0	0	0	0	0	0	0	0	0	0	0	0	0	167772160	150994944	33554432	33554432	16777216	33554432	134217728	41943040	150994944	67108864	100663296	0	83886080	0	0	83886080	0	0	100663296	167772160	150994944	150994944	41943040	67108864	150994944	33554432	67108864	50331648	83886080	134217728	43341141	18175317	83886080	117440512	117440512	117440512	50331648	117440512	0	16777216	16777216	16777216	83886080	150994944	16777216	16777216	25165824	134217728	100663296	0	83886080	83886080	0	83886080	0	0	0	109051904	0	134217728	33554432	0	0	90876586	90876586	167772160	0	0	0	0	0	167772160	83886080	0	0	0	0	0	0	83886080	0	0
33554432	117440512	83886080	16777216	100663296	83886080	0	100663296	83886080	167772160	83886080	50331648	33554432	83886080	16777216	134217728	67108864	117440512	100663296	100663296	100663296	0	100663296	134217728	167772160	100663296	50331648	33554432	117440512	33554432	100663296	50331648	33554432	83886080	16777216	167772160	167772160	67108864	50331648	134217728	117440512	67108864	134217728	150994944	167772160	100663296	100663296	50331648	16777216	167772160	134217728	50331648	117440512	33554432	50331648	83886080	117440512	150994944	50331648	16777216	83886080	16777216	67108864	167772160	50331648	33554432	33554432	134217728	117440512	50331648	33554432	150994944	150994944	100663296	50331648	150994944	117440512	150994944	50331648	50331648	150994944	83886080	167772160	134217728	16777216	33554432	33554432	0	16777216	0	0	33554432	16777216	33554432	0	16777216	16777216	0	33554432	33554432	33554432	33554432	16777216	0	16777216	33554432	0	16777216	0	33554432	0	33554432	33554432	33554432	0	16777216	33554432	33554432	83886080	16777216	100663296	83886080	0	100663296	83886080	31818857	83886080	50331648	33554432	83886080	16777216	134217728	67108864	117440512	100663296	100663296	100663296	0	0	134217728	167772160	19091314	50331648	33554432	117440512	33554432	100663296	50331648	33554432	5785246	16777216	167772160	167772160	67108864	50331648	134217728	22273200	67108864	134217728	83886080	167772160	100663296	100663296	50331648	1157049	167772160	134217728	50331648	117440512	33554432	10413444	83886080	117440512	10413444	9545657	16777216	5785246	16777216	67108864	167772160	15462387	33554432	33554432	134217728	117440512	50331648	33554432	150994944	150994944	100663296	50331648	50331648	117440512	33554432	33554432	10413444	10413444	83886080	23140987	41233032
117440512	150994944	167772160	50331648	83886080	16777216	0	150994944	83886080	150994944	134217728	67108864	0	100663296	67108864	100663296	0	50331648	167772160	150994944	117440512	167772160	50331648	16777216	167772160	50331648	33554432	150994944	83886080	83886080	67108864	33554432	117440512	50331648	0	167772160	150994944	167772160	117440512	16777216	16777216	33554432	16777216	67108864	33554432	67108864	83886080	134217728	83886080	134217728	150994944	33554432	134217728	167772160	67108864	117440512	83886080	83886080	150994944	100663296	117440512	33554432	117440512	167772160	67108864	50331648	83886080	0	67108864	117440512	50331648	16777216	100663296	134217728	50331648	150994944	0	50331648	67108864	50331648	134217728	50331648	150994944	100663296	0	0	0	0	0	0	0	0	0	0	0	0	0	0	0	0	0	0	0	0	0	0	0	0	0	0	0	0	0	0	0	0	117440512	117440512	167772160	50331648	83886080	16777216	0	83886080	83886080	43401928	134217728	67108864	0	100663296	67108864	67108864	0	50331648	50331648	50331648	0	167772160	50331648	16777216	2396745	7698241	33554432	33554432	83886080	83886080	67108864	33554432	18965548	4376665	0	167772160	150994944	167772160	117440512	16777216	2396745	33554432	16777216	10264321	33554432	67108864	67108864	33554432	7294441	134217728	134217728	33554432	134217728	134217728	7294441	117440512	83886080	7294441	23094723	14380470	0	33554432	33554432	167772160	29360128	7294441	7294441	0	67108864	67108864	0	16777216	16777216	134217728	50331648	6291456	0	9482774	9482774	0	0	50331648	6291456	4194304
83886080	16777216	16777216	0	50331648	117440512	83886080	0	16777216	150994944	16777216	100663296	83886080	150994944	83886080	67108864	0	117440512	16777216	83886080	0	117440512	117440512	134217728	16777216	83886080	0	100663296	134217728	83886080	117440512	117440512	100663296	16777216	117440512	50331648	33554432	167772160	50331648	83886080	16777216	0	150994944	167772160	50331648	16777216	83886080	16777216	150994944	67108864	83886080	134217728	16777216	134217728	33554432	67108864	117440512	0	83886080	167772160	83886080	83886080	33554432	0	150994944	16777216	16777216	117440512	16777216	33554432	0	33554432	16777216	50331648	167772160	150994944	83886080	16777216	83886080	117440512	167772160	67108864	16777216	100663296	33554432	0	16777216	33554432	0	33554432	33554432	16777216	0	16777216	0	16777216	0	33554432	33554432	33554432	0	33554432	33554432	16777216	33554432	33554432	33554432	0	16777216	16777216	33554432	16777216	0	16777216	33554432	33554432	83886080	16777216	16777216	0	50331648	117440512	0	0	16777216	150994944	16777216	100663296	83886080	150994944	83886080	67108864	0	117440512	16777216	16777216	0	117440512	117440512	134217728	16777216	26691025	0	100663296	134217728	83886080	117440512	117440512	96373666	5338205	117440512	50331648	33554432	167772160	50331648	83886080	16777216	0	150994944	53382050	50331648	16777216	83886080	16777216	74258245	67108864	83886080	134217728	16777216	16777216	15728640	67108864	67108864	0	26691025	167772160	0	83886080	33554432	0	0	5338205	5338205	117440512	16777216	33554432	0	33554432	16777216	50331648	167772160	9437184	83886080	16777216	16777216	16777216	16777216	67108864	1048576	6291456
0	67108864	50331648	50331648	33554432	100663296	33554432	134217728	100663296	117440512	50331648	150994944	67108864	83886080	167772160	100663296	16777216	100663296	67108864	16777216	167772160	0	33554432	167772160	16777216	0	117440512	33554432	150994944	83886080	117440512	50331648	150994944	117440512	134217728	0	50331648	134217728	50331648	134217728	16777216	50331648	16777216	33554432	167772160	16777216	100663296	117440512	67108864	167772160	0	67108864	33554432	134217728	0	150994944	150994944	134217728	134217728	100663296	16777216	50331648	117440512	33554432	150994944	83886080	33554432	0	67108864	117440512	50331648	167772160	117440512	16777216	33554432	100663296	0	134217728	67108864	117440512	167772160	117440512	134217728	50331648	0	0	0	0	0	0	0	0	0	0	0	0	0	0	0	0	0	0	0	0	0	0	0	0	0	0	0	0	0	0	0	0	0	0	50331648	50331648	33554432	50331648	33554432	33554432	100663296	54599536	50331648	50331648	67108864	83886080	167772160	83886080	16777216	100663296	16777216	16777216	67108864	0	0	167772160	16777216	0	117440512	33554432	150994944	83886080	117440512	50331648	48565625	6181079	83886080	0	0	134217728	50331648	134217728	7799933	50331648	14435316	1766022	167772160	16777216	16777216	16777216	31199735	167772160	0	67108864	33554432	33554432	0	150994944	150994944	0	7064090	100663296	11184810	50331648	50331648	33554432	33554432	1766022	1766022	0	67108864	67108864	0	35896331	35896331	16777216	16777216	12669293	0	31212532	31212532	0	0	117440512	16892391	6334646
150994944	16777216	117440512	33554432	117440512	150994944	117440512	100663296	83886080	150994944	67108864	167772160	117440512	33554432	16777216	150994944	117440512	50331648	16777216	167772160	16777216	100663296	33554432	134217728	0	67108864	67108864	150994944	50331648	134217728	117440512	150994944	100663296	83886080	67108864	0	16777216	134217728	117440512	167772160	117440512	134217728	83886080	134217728	67108864	50331648	100663296	83886080	134217728	83886080	0	0	83886080	33554432	167772160	33554432	83886080	134217728	100663296	67108864	16777216	134217728	33554432	83886080	33554432	100663296	150994944	117440512	167772160	167772160	134217728	134217728	117440512	150994944	16777216	67108864	0	16777216	117440512	50331648	150994944	134217728	100663296	16777216	16777216	16777216	33554432	16777216	33554432	33554432	33554432	16777216	33554432	33554432	0	16777216	0	16777216	16777216	33554432	33554432	16777216	16777216	16777216	16777216	33554432	0	0	33554432	0	33554432	33554432	0	33554432	33554432	16777216	150994944	16777216	117440512	33554432	117440512	150994944	117440512	100663296	83886080	27525120	67108864	167772160	117440512	33554432	16777216	150994944	117440512	50331648	16777216	16777216	16777216	100663296	33554432	134217728	0	4194304	67108864	150994944	50331648	134217728	117440512	150994944	100663296	5242880	67108864	0	16777216	134217728	117440512	167772160	21408426	134217728	83886080	8388608	67108864	50331648	50331648	50331648	24466773	83886080	0	0	83886080	33554432	19173961	33554432	83886080	19173961	6291456	67108864	16777216	134217728	33554432	83886080	22369621	9437184	9437184	117440512	167772160	167772160	134217728	134217728	117440512	150994944	16777216	16777216	0	16777216	16777216	0	0	134217728	14380470	11184810
50331648	50331648	33554432	16777216	50331648	167772160	83886080	150994944	100663296	67108864	150994944	100663296	167772160	134217728	16777216	67108864	100663296	50331648	100663296	134217728	167772160	83886080	33554432	33554432	50331648	50331648	33554432	167772160	134217728	33554432	134217728	83886080	50331648	167772160	0	16777216	16777216	83886080	167772160	16777216	83886080	0	0	167772160	33554432	100663296	150994944	50331648	16777216	150994944	150994944	150994944	0	33554432	50331648	167772160	117440512	50331648	16777216	83886080	167772160	0	83886080	67108864	33554432	167772160	117440512	134217728	100663296	16777216	134217728	100663296	67108864	67108864	167772160	134217728	50331648	0	134217728	134217728	50331648	100663296	117440512	167772160	0	0	0	0	0	0	0	0	0	0	0	0	0	0	0	0	0	0	0	0	0	0	0	0	0	0	0	0	0	0	0	0	50331648	50331648	33554432	16777216	50331648	33554432	16777216	50331648	100663296	67108864	150994944	100663296	167772160	134217728	16777216	16777216	16777216	50331648	50331648	50331648	167772160	83886080	33554432	33554432	25165824	8388608	33554432	33554432	134217728	33554432	134217728	83886080	50331648	27962026	0	16777216	16777216	83886080	83886080	16777216	8388608	0	0	0	33554432	100663296	100663296	33554432	5592405	150994944	150994944	150994944	0	0	0	167772160	117440512	0	2796202	8388608	16777216	0	0	67108864	0	19573418	19573418	134217728	100663296	16777216	16777216	0	0	67108864	67108864	0	0	0	0	0	0	100663296	0	0
167772160	0	100663296	134217728	150994944	0	16777216	0	83886080	150994944	167772160	134217728	117440512	33554432	100663296	83886080	83886080	16777216	150994944	33554432	100663296	100663296	0	67108864	33554432	150994944	67108864	33554432	100663296	16777216	0	33554432	67108864	67108864	167772160	150994944	67108864	134217728	50331648	16777216	150994944	100663296	67108864	50331648	0	67108864	67108864	117440512	0	67108864	100663296	100663296	167772160	50331648	117440512	134217728	117440512	16777216	16777216	134217728	100663296	134217728	117440512	100663296	117440512	134217728	50331648	50331648	150994944	100663296	16777216	67108864	33554432	0	33554432	83886080	100663296	167772160	100663296	0	167772160	16777216	0	33554432	0	33554432	0	16777216	16777216	0	33554432	33554432	33554432	33554432	16777216	33554432	33554432	0	16777216	33554432	0	0	33554432	0	0	16777216	33554432	16777216	0	16777216	0	16777216	0	0	0	16777216	167772160	0	100663296	134217728	150994944	0	16777216	0	83886080	150994944	167772160	134217728	117440512	33554432	100663296	33554432	33554432	16777216	0	0	100663296	100663296	0	67108864	33554432	15099494	67108864	33554432	100663296	16777216	0	33554432	67108864	6710886	16777216	150994944	67108864	134217728	50331648	16777216	150994944	100663296	67108864	5033164	0	67108864	67108864	67108864	0	67108864	100663296	100663296	167772160	50331648	5162220	134217728	117440512	5162220	1677721	134217728	33554432	134217728	117440512	100663296	100663296	5033164	5033164	50331648	150994944	100663296	16777216	67108864	33554432	0	33554432	23967451	30973321	30973321	30973321	0	0	16777216	0	9586980
117440512	0	100663296	83886080	150994944	100663296	16777216	0	0	50331648	0	33554432	83886080	67108864	117440512	134217728	134217728	33554432	16777216	0	50331648	83886080	167772160	134217728	0	33554432	67108864	134217728	167772160	100663296	83886080	16777216	167772160	150994944	100663296	16777216	100663296	117440512	117440512	150994944	167772160	16777216	33554432	16777216	150994944	0	33554432	83886080	167772160	33554432	16777216	16777216	134217728	50331648	50331648	67108864	117440512	150994944	83886080	150994944	50331648	100663296	167772160	50331648	50331648	150994944	67108864	0	150994944	0	117440512	50331648	100663296	33554432	100663296	167772160	50331648	134217728	83886080	33554432	167772160	134217728	67108864	83886080	0	0	0	0	0	0	0	0	0	0	0	0	0	0	0	0	0	0	0	0	0	0	0	0	0	0	0	0	0	0	0	0	117440512	0	100663296	83886080	150994944	100663296	16777216	0	0	0	0	0	83886080	67108864	117440512	67108864	67108864	33554432	4793490	0	50331648	83886080	83886080	134217728	0	0	67108864	67108864	167772160	100663296	83886080	16777216	11883861	3932160	28760941	16777216	16777216	117440512	117440512	150994944	0	16777216	6640981	3145728	150994944	0	0	0	0	33554432	16777216	16777216	134217728	50331648	3145728	67108864	67108864	3145728	0	134217728	1310720	100663296	100663296	50331648	50331648	73312938	1747626	0	150994944	0	0	6640981	6640981	33554432	33554432	3495253	3495253	3495253	3495253	3495253	3495253	134217728	1398101	1747626
594594274956	1006177653907	958398265334	928214666244	703878854129	735329152934	578052900479	966871552586	635596261149	448990571488	450561493584	174144398775	455181769728	770926299285	847900331861	641043543581	795562211754	857322742966	205128513824	1028322348723	350907829020	112458964366	657709086248	832906516516	706256316611	517819843104	925498734599	235289063265	303878646650	846656553878	1099016181628	381587068407	647386817877	135791483316	200476931281	753851854894	568200191458	24531863431	664593528530	248338396851	894271985659	80017958011	72341395762	321544620060	692589705804	465477052762	386189623001	927337867487	1047748920023	878572228001	657485686415	598489813325	789270460497	40507262017	121275104556	354590715065	1077701277464	864553920990	341713177297	262404454959	453582544904	38525075356	624583855701	511035414442	604483023242	67986626902	998523611435	191123783763	78976832035	946751893612	80874153478	154352981007	739370612796	537688504541	541045991016	490722604683	578936285564	812006152102	585361883759	802877113359	213093227241	1085476988371	458401882819	310125313720	16777216	33554432	33554432	33554432	33554432	33554432	33554432	16777216	33554432	16777216	33554432	0	16777216	33554432	33554432	0	16777216	0	0	33554432	0	0	16777216	16777216	0	33554432	33554432	16777216	0	0	16777216	0	594594274956	1006177653907	958398265334	928214666244	703878854129	735329152934	578052900479	966871552586	635596261149	448990571488	450561493584	174144398775	455181769728	770926299285	847900331861	641043543581	641043543581	857322742966	205128513824	205128513824	350907829020	112458964366	657709086248	832906516516	706256316611	517819843104	925498734599	235289063265	303878646650	303878646650	1099016181628	381587068407	647386817877	50863324054	200476931281	753851854894	568200191458	24531863431	664593528530	248338396851	192000168300	80017958011	29347816987	11617645493	692589705804	465477052762	386189623001	386189623001	392454604264	878572228001	657485686415	598489813325	789270460497	40507262017	26471566249	354590715065	1077701277464	26471566249	341713177297	56338228550	169898107036	38525075356	624583855701	511035414442	511035414442	67986626902	67986626902	191123783763	78976832035	946751893612	80874153478	42970924751	42970924751	537688504541	537688504541	17730171494	7699216272	521348106051	521348106051	7699216272	7699216272	1085476988371	14035695767	11205057489
1013477399180	498258163533	778520910836	917470537190	448549733541	875265584017	973226935655	405293409791	724398924561	648184715273	452026682427	20316624801	58765355824	866465890254	100822386848	706679556398	824438884486	838594757156	432625971953	792211309812	762981705451	978481884170	682739659821	749830722690	955232271289	599634269325	687067685755	378252393357	112452341857	509002051605	319746375897	501886293706	749247440006	75541765762	329165049314	396507065081	906331944292	884596692102	922464546969	816139802365	185942327289	196418946650	616557268092	405382945672	88563595304	143938794323	353378140954	425532748630	976667092139	34759301445	728000198228	428602174725	342047153141	758045981835	166497094567	535165178543	711480185726	59520984077	722854431597	5121189124	681919422289	553363577476	256927032853	710845092191	834092190856	122173118903	1030198978020	717046399310	921984313612	833765285590	216358376587	1031783542254	511581078656	459343582962	130421693351	595561381249	628322715967	507171404408	405547973570	239675379732	361018210420	766588771245	762363672526	1088149539984	0	0	0	0	0	0	0	0	0	0	0	0	0	0	0	0	0	0	0	0	0	0	0	0	0	0	0	0	0	0	0	0	1013477399180	498258163533	778520910836	917470537190	448549733541	778520910836	917470537190	405293409791	724398924561	174536517750	452026682427	20316624801	58765355824	866465890254	100822386848	100822386848	100822386848	838594757156	432625971953	432625971953	58765355824	978481884170	682739659821	749830722690	744709533566	161463352692	687067685755	378252393357	112452341857	112452341857	319746375897	501886293706	282503663092	11113730982	329165049314	396507065081	396507065081	884596692102	884596692102	816139802365	50068638680	196418946650	51628811269	20909694007	88563595304	143938794323	143938794323	88563595304	143687603967	34759301445	34759301445	428602174725	342047153141	342047153141	97209511710	535165178543	535165178543	8756747981	194642811468	5121189124	100324223757	553363577476	256927032853	710845092191	182178811327	122173118903	122173118903	717046399310	921984313612	833765285590	216358376587	126168778977	126168778977	459343582962	130421693351	30719117262	18621356402	18621356402	18621356402	18621356402	18621356402	766588771245	39322796592	56126865123
614680771488	816245521345	1098064141756	310187530867	791619924151	505077318568	991677400620	937484956442	817407991214	278675409273	721392870340	1039653941532	249921221041	393921471571	57249851977	20231070166	871726891248	497521284654	1089740759983	871197337370	629638225281	146880550533	557935181197	839648319677	466372829372	769687084167	849973998559	22491529171	302807418283	770509722061	923523433581	436697350718	347183552450	408471461698	870715521488	875905167440	844509468026	983293096677	625050744476	529771430763	532007765373	108934327065	220109847975	134372672759	9463450550	267422193135	63059203906	529357490565	223137816714	894402068946	595370878779	189991709584	167943797875	967716216844	216779623817	360561085763	29485497527	567440230904	303049136877	261255962428	134033800653	762129823286	536877950352	751708819074	565844068387	578215640255	155370508234	546544815169	515009808168	361958898525	215762995665	626752305172	686636547080	388157549290	710990829901	922772325803	261600117658	1011732192967	147939927874	708035257108	921640608634	100815804811	763174634369	188669420254	33554432	33554432	16777216	33554432	0	16777216	33554432	33554432	16777216	16777216	16777216	0	33554432	33554432	33554432	16777216	0	0	16777216	0	33554432	0	33554432	16777216	16777216	16777216	0	33554432	33554432	16777216	16777216	33554432	614680771488	816245521345	1098064141756	310187530867	791619924151	505077318568	310187530867	937484956442	817407991214	278675409273	721392870340	1039653941532	249921221041	393921471571	57249851977	20231070166	20231070166	497521284654	1089740759983	871197337370	629638225281	146880550533	146880550533	839648319677	466372829372	213484400041	849973998559	22491529171	302807418283	770509722061	923523433581	436697350718	347183552450	96701453851	870715521488	875905167440	844509468026	983293096677	625050744476	529771430763	532007765373	108934327065	220109847975	27977948732	9463450550	267422193135	63059203906	63059203906	52825603031	894402068946	595370878779	189991709584	167943797875	967716216844	216779623817	360561085763	29485497527	29485497527	84055279736	261255962428	20231070166	762129823286	536877950352	751708819074	291682357310	43094369668	43094369668	546544815169	515009808168	361958898525	215762995665	626752305172	626752305172	388157549290	388157549290	192131899242	261600117658	1011732192967	147939927874	147939927874	147939927874	100815804811	100815804811	97255665167
343839247657	819466473256	86347006815	591293548969	1055770293553	336870361927	115772825422	167722644869	510392210941	862711636023	6896373300	227338072743	864733497217	903010388843	888177610447	135838659980	234203684116	124208798552	447821625345	293557575460	20759327657	41621160994	543221253767	256249392952	518072725545	862231595205	354460698409	22910001273	1045037145585	80117505182	539815080455	1090148274990	365149670307	64494716527	643831991887	348157194360	106430838363	310612811867	893468910269	2842669810	268862693919	142006842720	589718832614	141919768233	509630851939	316404841525	252679683094	606687026785	284214487733	620012735281	854702482545	900269280073	970199402225	95928542673	725582979648	225638368469	461412871777	1092606913157	305674496390	980178239218	1068433202440	1030556392658	241520729569	207757736120	852228596589	694145967046	937029186580	415657159985	99662552856	50481776700	437199856777	477697046859	210349646730	942956076758	159796542210	730521906533	1060974620765	37235039534	323872606750	684331574200	483433656117	1084723752605	524329273456	993349373050	0	0	0	0	0	0	0	0	0	0	0	0	0	0	0	0	0	0	0	0	0	0	0	0	0	0	0	0	0	0	0	0	343839247657	343839247657	86347006815	591293548969	1055770293553	86347006815	115772825422	167722644869	510392210941	273714889610	6896373300	6896373300	864733497217	903010388843	888177610447	135838659980	135838659980	124208798552	26796884867	26796884867	20759327657	41621160994	41621160994	256249392952	254018622914	107707816354	354460698409	22910001273	1045037145585	80117505182	539815080455	1090148274990	365149670307	8056518831	97411913684	348157194360	106430838363	310612811867	310612811867	2842669810	611899772	142006842720	34375715628	5591885092	509630851939	316404841525	252679683094	252679683094	90173510924	620012735281	620012735281	900269280073	970199402225	95928542673	75269059613	225638368469	225638368469	75269059613	38184094278	2230770037	135838659980	1030556392658	241520729569	207757736120	183332916074	117051344567	117051344567	415657159985	99662552856	50481776700	50481776700	88583002306	88583002306	942956076758	159796542210	28783830536	19048124784	37235039534	37235039534	19048124784	19048124784	1084723752605	20659483059	39139688710
145213223073	251458151857	793019625243	100773626398	832327441014	1004249977795	556668008367	694122685498	940840358585	659162715539	435405578506	999990859053	951724040560	629126710260	222732648990	679505155114	369839064333	1084471751869	936715698822	607146796475	42608122471	266337922229	639838666864	915497017684	1048931136385	932948514728	912584896260	141647816732	553436737987	367178163849	518884325101	181093501988	303262371353	275880877581	573621987128	995211068671	133073222666	848090640510	638371456942	1089036383244	395256067891	869319820670	783963231951	196357686587	42865701971	323692748611	555938747974	140071088208	765108254081	290972535377	792386222905	279536801662	467321873652	349794071742	714339925640	1041365989001	14212400639	918344682358	551379543748	368103989194	928388312796	214636514780	1013125495130	1041477057897	606830497518	1021028250388	635322369016	1057735610369	941425287616	165301476058	922297137351	456695843854	846880402537	454834012141	133988518910	825224242032	482771678314	224906127950	134639017638	714924474106	421695448997	1084679738771	946865383766	384287398785	16777216	16777216	33554432	16777216	16777216	16777216	33554432	33554432	33554432	16777216	0	0	0	16777216	16777216	0	0	0	33554432	33554432	33554432	0	33554432	33554432	33554432	0	33554432	33554432	33554432	0	0	33554432	145213223073	251458151857	793019625243	100773626398	832327441014	1004249977795	100773626398	694122685498	940840358585	659162715539	435405578506	435405578506	951724040560	629126710260	222732648990	629126710260	369839064333	1084471751869	936715698822	607146796475	42608122471	266337922229	639838666864	915497017684	1048931136385	646311029611	912584896260	141647816732	553436737987	367178163849	518884325101	181093501988	303262371353	33350451089	573621987128	995211068671	133073222666	848090640510	638371456942	1089036383244	395256067891	869319820670	326725305148	136029091195	42865701971	323692748611	323692748611	140071088208	92491750895	290972535377	792386222905	279536801662	467321873652	349794071742	120248373395	1041365989001	14212400639	14212400639	381974648119	368103989194	112230210697	214636514780	1013125495130	1041477057897	606830497518	440127025202	440127025202	1057735610369	941425287616	165301476058	165301476058	456695843854	456695843854	454834012141	133988518910	133988518910	85898671667	224906127950	134639017638	50977558031	50977558031	1084679738771	229545698346	93161626597
964014721121	576139568158	851889719336	39209785537	482923918844	87369910811	886931396211	147554240479	175552584379	409990153437	875863422010	1075010031542	1008093093168	135126445221	245112654120	234628265477	699844073002	90770520591	765873978057	176105915653	594110890382	336030736917	945195412673	805969549556	1092151364408	1060740351486	542960801849	786244941531	682623227497	369204862453	338063575584	1049238654812	654244513804	866468399026	962763786661	60521416960	248101885648	397195896497	913717754875	1007511597066	820991407453	460642182267	71724756672	1065145402680	253319623254	663496581854	727581423426	138787240196	183485542218	328044285680	897887322159	380579804568	174497725099	1068233618218	1082029476623	46001798140	944444800989	834408042810	143331101034	863200192005	123807889358	756916419017	121795705596	929790661932	511512371842	703560372966	856609088168	827818760213	705870253621	942693867768	831534035322	119427317099	440437287606	603738121641	482896862900	123622032606	505330179441	319870929130	385859571853	281638798657	781164206273	47271331478	587475208251	815287553487	0	0	0	0	0	0	0	0	0	0	0	0	0	0	0	0	0	0	0	0	0	0	0	0	0	0	0	0	0	0	0	0	964014721121	576139568158	851889719336	39209785537	482923918844	87369910811	39209785537	147554240479	175552584379	27486641680	875863422010	875863422010	1008093093168	135126445221	245112654120	135126445221	135126445221	90770520591	0	0	594110890382	336030736917	336030736917	805969549556	391603742412	71114366316	542960801849	542960801849	682623227497	369204862453	338063575584	1049238654812	247794064577	126308302725	90770520591	60521416960	60521416960	397195896497	397195896497	1007511597066	55041069768	460642182267	71724756672	64265972098	253319623254	663496581854	663496581854	138787240196	12301274336	328044285680	328044285680	380579804568	174497725099	174497725099	127226393621	46001798140	46001798140	46001798140	9609232277	414365807143	18047933873	756916419017	121795705596	929790661932	29554587440	411201850408	411201850408	827818760213	705870253621	705870253621	705870253621	119427317099	119427317099	603738121641	482896862900	7458784573	88791338344	45134755503	45134755503	45134755503	45134755503	47271331478	47271331478	47106362651
254800718677	941582461352	69980163103	985424800735	582084772203	679368340877	206769050620	791829696592	461639908671	727690151999	288293810035	856012242122	1096385334048	296596841866	390615734091	480845589849	611221274257	91925803666	957809193450	299232636214	223924322136	976059402690	134762561905	560432658274	509871154443	559806852489	731019541951	117274262902	351503385630	484265893354	983834240356	1005717132301	680809751125	274200163647	12463590291	397026491264	712547653687	605409964017	324343721506	517373564305	765046257695	900657122110	438570700081	407623292663	302114754443	329294001963	828135626547	306524814539	625623108644	96445419169	230606080706	958069800627	962649806014	125985012413	826468772008	933425828853	925863289032	1051354933328	373127082584	348208312692	366782939568	228723685059	802479742516	105449338809	723892210377	414482041093	574121858627	372599241365	710028576918	268230277412	148197331634	737292620329	805268842254	198198308556	42389341907	118832732554	174863748497	673003218852	170785523793	98862214832	952890332919	102065879998	727496365465	56372707600	0	33554432	33554432	16777216	33554432	33554432	16777216	0	16777216	16777216	33554432	16777216	16777216	16777216	0	33554432	0	16777216	0	33554432	33554432	0	0	0	0	33554432	0	16777216	33554432	33554432	33554432	33554432	254800718677	941582461352	69980163103	985424800735	582084772203	679368340877	206769050620	791829696592	461639908671	110094561679	288293810035	856012242122	1096385334048	296596841866	390615734091	480845589849	480845589849	91925803666	84576148072	84576148072	223924322136	976059402690	134762561905	560432658274	461626842115	84694962383	731019541951	117274262902	351503385630	484265893354	983834240356	1005717132301	680809751125	77805640969	7349655593	397026491264	712547653687	605409964017	324343721506	517373564305	115746285935	900657122110	438570700081	115665108065	302114754443	329294001963	828135626547	306524814539	94652513482	96445419169	96445419169	958069800627	962649806014	125985012413	74460953771	933425828853	925863289032	74460953771	56451585190	98805816158	335028428069	228723685059	802479742516	105449338809	652782453292	162909892579	162909892579	372599241365	710028576918	268230277412	148197331634	737292620329	737292620329	198198308556	42389341907	42389341907	174863748497	673003218852	170785523793	98862214832	98862214832	102065879998	51524058641	50835074391
608388071936	320657863335	847530168629	458501977744	773849818499	168850352690	888262933979	115086523295	863457952036	704005140853	849316512	682713257522	484043679606	835356773315	519369888056	1062289472814	422558593333	676889490176	275474724191	824490525701	526694725132	1027725445657	621998320774	416655984856	1041070029688	555941348675	466929985417	980875908351	814968283607	734014161525	879944529790	609994693909	359064058917	935542885808	1086262121136	955692743207	499722031604	455085521783	455907402204	660832266829	526850489769	300787830559	181732400242	228163619487	302705458098	869465406860	567054800564	42226269078	487284519486	258530344020	783621682145	84363557543	743968937386	753651618703	383005847650	1025871125547	358732808459	762974572809	759770632769	949592515689	562961863377	821916848007	534981459391	704429434136	299948919565	920058118381	55256042455	176012082744	653609149120	100442445610	769241298114	425902604935	197863448361	781823016973	1024661296969	393958556166	588422049381	629677372233	471369952448	367953281277	849469666628	393955570923	475865704695	626026793732	0	0	0	0	0	0	0	0	0	0	0	0	0	0	0	0	0	0	0	0	0	0	0	0	0	0	0	0	0	0	0	0	608388071936	320657863335	847530168629	458501977744	773849818499	168850352690	458501977744	115086523295	863457952036	216678771708	849316512	849316512	484043679606	835356773315	519369888056	519369888056	422558593333	676889490176	159513097968	159513097968	484043679606	1027725445657	621998320774	416655984856	60367506422	171107683143	466929985417	466929985417	814968283607	734014161525	879944529790	609994693909	359064058917	152969137719	517376392207	955692743207	499722031604	455085521783	455085521783	660832266829	162154095719	300787830559	140897958030	85607318378	302705458098	869465406860	567054800564	42226269078	79675121152	258530344020	258530344020	84363557543	743968937386	743968937386	16263535080	1025871125547	358732808459	16263535080	233842280311	356288478433	92049003969	821916848007	534981459391	704429434136	299948919565	20732146647	20732146647	176012082744	653609149120	100442445610	100442445610	141782611532	31885500471	781823016973	781823016973	8397604621	18107260995	18107260995	18107260995	18107260995	18107260995	393955570923	10143534080	13344361770
533594155054	777576071116	603265321785	803660640256	953396511501	609264493863	894775856612	287757075805	386456455990	770161277410	560512580042	566877303178	816197824134	941540695822	759314216562	1070556585713	224622463951	212963287401	90704920239	631400524033	143754209423	683489547099	1059462469767	377464597660	172213041866	239796675514	686365649069	763534464985	751611560140	341551841441	582770178682	595948334968	248258136314	788158942984	1094658420444	714275246203	870880802436	269647561568	63206582971	499978204842	464565408293	372262740367	844518707455	276121324694	868219668765	950988023440	462833600134	544527939582	475031844041	340921422941	61178331426	858310837958	384845187105	447912775260	256941505994	596370378465	275473670471	889329031618	838938344031	631714901049	1071649414147	848673676750	297496699399	17111098599	171945876789	554581373504	564638009628	712776982214	1078779260882	834471629219	178290494643	1059402499894	16729909287	215420649197	339559420427	47648383256	769545563366	677702408234	795665297771	224070031463	614004256704	927234424257	1082756366122	178105949571	33554432	0	16777216	0	16777216	0	16777216	0	33554432	33554432	0	0	16777216	33554432	33554432	0	0	16777216	16777216	33554432	16777216	33554432	0	0	33554432	16777216	0	33554432	33554432	33554432	33554432	33554432	533594155054	777576071116	603265321785	803660640256	953396511501	609264493863	803660640256	287757075805	386456455990	118424291284	560512580042	566877303178	816197824134	941540695822	759314216562	1070556585713	224622463951	212963287401	90704920239	90704920239	143754209423	683489547099	1059462469767	377464597660	0	36872473575	686365649069	686365649069	751611560140	341551841441	582770178682	595948334968	248258136314	50979162573	1094658420444	714275246203	870880802436	269647561568	63206582971	499978204842	71434166902	372262740367	289077902758	276121324694	868219668765	950988023440	462833600134	462833600134	30725687782	340921422941	61178331426	858310837958	384845187105	447912775260	57522977677	596370378465	275473670471	57522977677	128999836446	377464597660	69315701092	848673676750	297496699399	17111098599	171945876789	526775065289	290167220976	712776982214	1078779260882	834471629219	178290494643	32219011260	16729909287	215420649197	339559420427	609206428	50965826348	677702408234	677702408234	39714607188	39714607188	927234424257	13843536625	2277166233
415717945147	552693720379	571123802713	170877512652	572286323750	251261730034	566761390505	320363623500	105899847280	949128008921	714922409970	171710699555	269214310714	218405425633	542222884178	212728610424	758134322429	9548453210	451925856556	1057639837076	624240468993	794782803279	364705031705	94701291265	1069818895797	408683024589	608131378119	282979582827	427441575821	497643577527	1095583867967	952220543963	63715402360	637683814645	640507861148	457441857564	45513763393	533327885739	812025465713	912098738451	975324719143	689517152124	871564152332	658184782760	231170115573	507962426449	235522722462	226396059214	635028320859	383206600030	1076149852210	355374657074	153285597051	1072299749457	238037107169	596071948760	687575576319	272796669086	316374860645	212824867042	1035137149693	21834897476	12050219550	77734679728	445101160362	446871404816	938589248868	1057509082057	54907121721	632836791044	1037166437607	135316023887	606589246774	129391656630	325377482866	117174951243	340687287898	915941278719	465547214665	421905903576	877347538467	336284177777	465698883150	808322251966	0	0	0	0	0	0	0	0	0	0	0	0	0	0	0	0	0	0	0	0	0	0	0	0	0	0	0	0	0	0	0	0	415717945147	415717945147	571123802713	170877512652	572286323750	251261730034	170877512652	320363623500	105899847280	32757098224	714922409970	171710699555	269214310714	218405425633	542222884178	212728610424	212728610424	9548453210	0	0	269214310714	794782803279	364705031705	94701291265	45905063429	14104809733	608131378119	282979582827	427441575821	427441575821	1095583867967	952220543963	63715402360	14518182822	9548453210	457441857564	45513763393	533327885739	533327885739	912098738451	33661220957	689517152124	549239435636	150907810087	231170115573	507962426449	235522722462	226396059214	14457725047	383206600030	383206600030	355374657074	153285597051	153285597051	48824470855	596071948760	596071948760	6210776915	10918993316	48796227835	23567024974	21834897476	12050219550	77734679728	2517195338	215198606573	215198606573	1057509082057	54907121721	54907121721	54907121721	135316023887	135316023887	129391656630	129391656630	26283566080	4961692600	166272469731	166272469731	4961692600	4961692600	336284177777	104461126195	4571331611
273245168864	657326616024	631397613315	17006650984	792141061778	342336988941	602704575381	916762340997	569428201077	932621617150	699738397786	412382170348	954679671198	9171138939	398933248587	864559422249	201318172173	1045442988151	578060525	585104114320	1048260250293	685084523794	473078735420	127659112502	290552855228	358304488626	655465314418	749774488147	995645186531	53952243557	324512769159	512134297067	439392482555	993736821371	788122260289	438232300098	395833007719	285696778662	202479377727	573902132732	1054691277522	793799130137	946342589062	327832931503	182923751448	872725868786	600837697084	115394828930	224982982744	852224186406	463165590433	546324027566	637898450268	103778538372	640599840829	20861717737	221647686963	362110754788	808824955251	87582902233	421858618045	65857725001	492235129576	283357450083	692068411699	1030596249543	593073264771	138390303841	69209979302	734425885200	518371432897	274846977147	100189548202	435776640345	1097787964792	1037790620074	1052831427034	421008057074	510888002481	421679128043	264146446539	167096862675	115012525370	568896759971	16777216	16777216	33554432	33554432	0	16777216	33554432	33554432	0	0	33554432	0	16777216	33554432	16777216	0	16777216	16777216	0	16777216	16777216	33554432	33554432	0	33554432	0	16777216	0	33554432	33554432	16777216	0	273245168864	657326616024	631397613315	17006650984	792141061778	342336988941	602704575381	916762340997	569428201077	932621617150	699738397786	412382170348	954679671198	9171138939	398933248587	398933248587	201318172173	1045442988151	578060525	578060525	1048260250293	685084523794	473078735420	127659112502	290552855228	99474671419	655465314418	749774488147	995645186531	53952243557	324512769159	512134297067	379578963368	187150670053	788122260289	438232300098	395833007719	285696778662	202479377727	573902132732	529898674303	793799130137	356343988485	91014972396	182923751448	872725868786	600837697084	115394828930	42371093699	852224186406	463165590433	546324027566	637898450268	103778538372	20861717737	20861717737	20861717737	20861717737	224550903528	44003458428	79448724589	65857725001	492235129576	283357450083	409383004054	111693615961	111693615961	138390303841	69209979302	734425885200	518371432897	159709747327	100189548202	435776640345	1097787964792	60391345220	277745394324	421008057074	421008057074	49746757289	49746757289	167096862675	6692834749	33105368232
642508053235	35981138655	337610197221	450728489095	385179366599	95233465075	241796669544	1094938110988	382392553941	754328212169	925756182207	235553705354	213410097331	304243691452	871437665827	519716872067	1093129944059	505177503754	638069214671	938381483364	718348696504	901128871794	659826407591	960163599849	947838798857	983653391319	191262233575	791106390773	61923004734	783497546548	261320455636	75067382652	782828317662	14452914215	815620655672	275227716369	1020613591471	827727967976	67150311685	639309989092	376097631143	529557868035	270837542968	675474476371	311920861841	287296592532	390560135832	1059645256886	848504599974	352682795291	1035348962658	568261246932	986977033735	1055030172524	840467394125	289421882412	429544656005	955444479927	1094681594149	1007541566735	10095427267	584349316315	1031890413687	714081149891	178753457320	884308182055	343199490796	362569835024	618667618525	1045175143992	442386922141	873320123585	1083420534107	663943188930	322818720285	198488589499	189842585793	558620953269	643604992527	130187749341	225036345149	399773479439	908830053385	108149104302	0	0	0	0	0	0	0	0	0	0	0	0	0	0	0	0	0	0	0	0	0	0	0	0	0	0	0	0	0	0	0	0	642508053235	35981138655	337610197221	450728489095	385179366599	95233465075	241796669544	385179366599	382392553941	85427506287	925756182207	235553705354	213410097331	304243691452	871437665827	304243691452	304243691452	505177503754	268117745919	268117745919	213410097331	901128871794	659826407591	960163599849	363446585845	111398533047	191262233575	191262233575	61923004734	61923004734	261320455636	75067382652	45986047615	323653018	237059757834	275227716369	275227716369	827727967976	67150311685	639309989092	42592975088	529557868035	219394576328	169567161761	311920861841	287296592532	287296592532	287296592532	19001086601	352682795291	352682795291	568261246932	986977033735	986977033735	21395857260	289421882412	289421882412	21395857260	123972452916	596717014003	226073126	584349316315	584349316315	714081149891	178753457320	612971815082	7685477776	362569835024	618667618525	618667618525	362569835024	305123914097	305123914097	663943188930	322818720285	49827414566	5039377609	107667204010	107667204010	5039377609	5039377609	399773479439	228147380940	27149118590
368999206867	656494803624	252516743213	142494821526	139880850403	730586182785	447928354992	499981956403	148286872092	190529835791	215458999052	279646058522	1067201416648	771999984143	461593137025	364755889281	202747763521	360378432164	580890047789	1011481891692	204831804825	1015489392093	95636501190	546496435370	115426326221	792528656348	322677502806	806181737365	711597190513	657808788818	1012501884894	1041647452168	331706971590	690236108942	495890723569	716034729934	341331486765	177868082676	928614624942	1043237816500	735894845201	247855297376	149579438494	202810079315	1099317755692	279594242039	574332235262	624186683227	635278205353	648842227206	680609196079	345693940732	366305426929	272421153311	718523758907	133361106046	771336777990	498657516200	597420112644	535147800007	355027416327	668915202681	945245581785	851741293104	688613622384	257374324457	611565691655	608410926235	114478196799	33914783265	438138282549	82482345172	314533014608	144028233041	944302949556	991662394457	863887865429	259813789881	1029364563178	153384299651	549139265365	751863534294	652338082877	409943429895	16777216	16777216	16777216	16777216	0	16777216	0	16777216	16777216	0	33554432	0	33554432	33554432	16777216	33554432	33554432	33554432	0	0	33554432	33554432	16777216	0	16777216	0	0	33554432	33554432	0	0	0	368999206867	656494803624	252516743213	142494821526	139880850403	252516743213	447928354992	499981956403	148286872092	190529835791	215458999052	215458999052	1067201416648	771999984143	461593137025	364755889281	202747763521	360378432164	580890047789	580890047789	204831804825	1015489392093	95636501190	546496435370	115426326221	48573726856	322677502806	806181737365	711597190513	657808788818	1012501884894	1041647452168	331706971590	42304262380	495890723569	716034729934	341331486765	177868082676	928614624942	1043237816500	604002811688	247855297376	149579438494	12430139046	1099317755692	279594242039	279594242039	279594242039	109116195499	648842227206	680609196079	345693940732	366305426929	272421153311	246224539697	133361106046	771336777990	85650051530	36615611483	439235004811	60979962229	668915202681	945245581785	851741293104	688613622384	37482587693	37482587693	608410926235	114478196799	33914783265	33914783265	82482345172	82482345172	144028233041	944302949556	39823210179	863887865429	259813789881	259813789881	33656499949	33656499949	751863534294	26196613613	16462521379
873443620643	902803278306	519866747749	191729164768	469776350800	671089346589	774976696028	422997458209	375026178482	442071548708	1095245281952	232234152774	970288268871	305422298871	413746884136	889477070587	263235184540	501153285114	988778653714	556152247803	1053912443306	550578365774	541497292692	585922574704	555108779398	656249691506	380289947083	608592666831	253873778869	724913975897	897662455583	863460962646	109516500899	888220980541	1091510954687	521937875566	839406967077	1074951102531	248543339721	397151535988	63431519729	985079242648	421597349496	887417707210	86961551136	843459496565	437841376334	187655240038	308748563234	768193004593	859118549771	979607460301	741609896323	153743715273	404789442778	794134566845	598947721121	353619812574	437712318224	796391729019	751503088552	928254756777	675368604043	973661638690	239032225793	991971830971	170144573846	707523479980	713201844473	268577883588	870480388872	1032923094054	675859674834	522867896791	782434777488	612476552883	791045305903	1019259433191	286750400537	950537192455	936202099674	503159839598	501130542635	645846795174	0	0	0	0	0	0	0	0	0	0	0	0	0	0	0	0	0	0	0	0	0	0	0	0	0	0	0	0	0	0	0	0	873443620643	873443620643	519866747749	191729164768	469776350800	519866747749	191729164768	422997458209	375026178482	100766474808	1095245281952	232234152774	970288268871	305422298871	413746884136	305422298871	263235184540	501153285114	0	0	970288268871	550578365774	541497292692	585922574704	203229717754	149586573034	380289947083	380289947083	253873778869	253873778869	897662455583	863460962646	109516500899	30038914766	501153285114	521937875566	521937875566	1074951102531	248543339721	397151535988	14458679038	985079242648	421597349496	249439552647	86961551136	843459496565	437841376334	86961551136	10441626552	768193004593	768193004593	979607460301	741609896323	153743715273	11959135893	794134566845	598947721121	11959135893	99772825047	382692856949	25415226298	928254756777	675368604043	973661638690	239032225793	184227547563	170144573846	707523479980	713201844473	268577883588	268577883588	531820295765	531820295765	522867896791	522867896791	172157796848	31661597386	404166431255	286750400537	31661597386	31661597386	503159839598	141784579379	217877919536
411876640818	426540013945	548625934139	437894271522	241068399725	1088941151677	931662204946	626776431038	58471284662	89849295468	399165655282	825682439731	259350368615	61227625732	430536024822	835710017685	926152344553	318435682711	97918516313	175351606732	823227353852	12090886679	51357639510	131820619107	28988817232	107646509480	976333020574	288010402961	458472540731	991307668191	507497219423	409612401968	663115144995	611834824937	689355752312	587820819555	947028996226	1048786137643	129905744927	185856759354	585070267539	281446915729	693065546073	592028183122	732332096498	160529783639	964429927436	585900606252	864465144582	309276298729	1010748289926	241345107149	266276513686	894201900273	894679585594	136470467906	37485065893	577834358366	687128768195	156540431767	397587254003	8118236555	727575802214	373265430570	875446046367	739002324386	396878042723	178953784626	589642830340	673645667286	518117725066	154055523019	391612743299	150123196664	920839470537	7541140331	555071489119	1083086928845	97970501389	311968471206	392784998314	332952920116	985609472731	189866272055	33554432	33554432	0	16777216	0	0	0	16777216	16777216	33554432	33554432	16777216	0	33554432	16777216	16777216	0	0	33554432	16777216	0	16777216	33554432	33554432	16777216	0	33554432	16777216	0	33554432	0	33554432	411876640818	426540013945	548625934139	437894271522	241068399725	1088941151677	437894271522	626776431038	58471284662	89849295468	399165655282	399165655282	259350368615	61227625732	430536024822	61227625732	61227625732	318435682711	97918516313	97918516313	259350368615	12090886679	51357639510	131820619107	28988817232	3101894165	976333020574	288010402961	458472540731	991307668191	507497219423	409612401968	484860582146	17630361476	689355752312	587820819555	947028996226	1048786137643	129905744927	185856759354	585070267539	281446915729	693065546073	17059622053	732332096498	160529783639	160529783639	160529783639	357199210407	309276298729	1010748289926	241345107149	266276513686	266276513686	64652946853	136470467906	37485065893	37485065893	19799998414	156540431767	61227625732	8118236555	727575802214	373265430570	373265430570	11436261994	11436261994	178953784626	589642830340	673645667286	518117725066	154055523019	154055523019	150123196664	920839470537	982026826	11318318638	11318318638	11318318638	11318318638	11318318638	332952920116	128348618455	24724877736
909850843489	582435505030	843169374895	191577166834	410894335156	340193132367	942482773696	769986157861	160007359216	545908697700	769120601611	614624279649	627877442412	478079865645	367785221316	570486625936	958936906703	1086206779284	102019334474	92381681913	104713901980	478369897261	323264165204	572208975407	1022305915451	876242706815	521989761203	1031073785616	82643833900	449169406282	1078998436720	848924088759	663843757977	910532673303	124106999894	873490588023	647006432696	492324924256	205398876880	688645198155	278184603788	398022505629	509783349903	1077574864037	109705369760	805426828560	758719049316	137454653225	1062636732838	448189097833	108721090407	1094704834064	560194987108	593873111409	683873231453	350435184306	399677028211	63686650726	501027649578	410347128344	1040733857642	426520879124	1086234865100	446035485728	563663172414	209103633362	787902395280	801123489133	371252190181	739170772980	114648165475	490039136792	810132718618	307953542037	833799143927	490083970216	250812600340	1003315009136	52787095026	750297881933	362725953416	725102758812	169706819526	537231046374	0	0	0	0	0	0	0	0	0	0	0	0	0	0	0	0	0	0	0	0	0	0	0	0	0	0	0	0	0	0	0	0	909850843489	582435505030	843169374895	191577166834	410894335156	340193132367	191577166834	410894335156	160007359216	26761457915	769120601611	614624279649	627877442412	478079865645	367785221316	367785221316	367785221316	1086206779284	102019334474	92381681913	104713901980	478369897261	323264165204	572208975407	372331092681	42955044352	521989761203	521989761203	82643833900	82643833900	1078998436720	848924088759	625916560414	238443227872	124106999894	873490588023	647006432696	492324924256	205398876880	688645198155	13637125765	398022505629	199514668938	137142079358	109705369760	805426828560	758719049316	109705369760	52092425574	448189097833	108721090407	1094704834064	560194987108	560194987108	16677765682	350435184306	350435184306	16677765682	24561305608	199877882725	272539303254	426520879124	426520879124	446035485728	311984081353	206329762662	206329762662	801123489133	371252190181	371252190181	114648165475	152343998660	152343998660	307953542037	307953542037	62372589579	46163838030	400294781279	52787095026	46163838030	46163838030	725102758812	21598449340	68372959740
176625038880	50749139649	669118242856	97439667380	974254966414	161869421273	144890813995	744708157429	357483699566	90675141833	804172031605	49737279148	276235645128	194914098440	133928510297	311615153931	267574720262	1039233616830	291170359410	831034465831	453081552247	221012187238	581689860825	165661899638	735302953672	624213636498	975213379691	24696280121	880660573779	534457073148	220989321232	638835340629	783489008518	162862670432	1038109131109	396593503316	53476587093	297716736285	516381813875	1036064294724	1084436129475	96353857215	256350027387	1093266310083	575168140402	284024343270	1032110152442	930959955736	254932777265	175668977301	617904692869	138641869777	359716774197	852532932515	671989395824	678888590445	869604891795	959321709776	300945871069	332612550017	467409616035	101398664788	1041299185884	357766655223	822183378834	831288916104	225556239756	932451998127	1072520783589	405953677701	197320865377	834438658204	829773038900	907776396106	204660802387	568125014454	787007871816	661484859200	204188909490	858413431514	960680868679	50748147058	578113988491	443265180877	16777216	16777216	0	16777216	0	16777216	0	33554432	16777216	0	33554432	16777216	16777216	0	16777216	16777216	16777216	16777216	0	16777216	33554432	16777216	33554432	0	16777216	16777216	33554432	16777216	33554432	33554432	0	0	176625038880	50749139649	669118242856	97439667380	974254966414	161869421273	144890813995	744708157429	357483699566	90675141833	804172031605	49737279148	276235645128	194914098440	133928510297	133928510297	133928510297	1039233616830	291170359410	291170359410	276235645128	221012187238	581689860825	165661899638	735302953672	594409366869	975213379691	24696280121	880660573779	534457073148	220989321232	638835340629	131156634544	7614594879	1038109131109	396593503316	53476587093	297716736285	516381813875	1036064294724	792877174876	96353857215	256350027387	168689245207	575168140402	284024343270	1032110152442	575168140402	11919304866	175668977301	617904692869	138641869777	359716774197	852532932515	292892078834	678888590445	869604891795	44852796280	286576636947	243187119847	21853595174	101398664788	1041299185884	357766655223	674315843748	214786627249	214786627249	932451998127	1072520783589	405953677701	197320865377	834438658204	829773038900	907776396106	204660802387	87660782179	787007871816	44916343343	44916343343	44916343343	44916343343	50748147058	420045257929	322066998791
671640731602	360129598166	868249217065	34777009018	910790830974	936800854758	788959684220	15124290571	73450070814	1066121002636	939869175733	470915770754	558960857803	834566979537	974130589157	650844439819	266185792556	1024669492966	444521428646	294380081836	304558897051	577527969535	170301738406	744202441767	876804811087	19452863220	925158947243	615440824459	945407908384	458408053567	1047983291304	952018535286	673815212716	77818600666	570023977317	788207001885	484904840812	93779867700	389954464853	619399355624	18344365355	669406012993	912913651351	665449509529	272036488589	931256382917	902988210305	866667790527	161623785763	880486599727	1069723777905	805917863576	513229514984	18722758769	109893363531	417891032342	383738027393	599589211837	136715548014	299764451454	501890865003	289065884581	225273139689	628718410995	874157444076	320166701793	354749243666	407799224328	508744871425	819908481661	839306978350	568927907858	336725200043	80568291127	489617108697	300277010724	667003079224	681886988956	326028151660	729184907660	209025378997	918164879462	148907187265	288395209108	0	0	0	0	0	0	0	0	0	0	0	0	0	0	0	0	0	0	0	0	0	0	0	0	0	0	0	0	0	0	0	0	671640731602	360129598166	868249217065	34777009018	910790830974	868249217065	34777009018	15124290571	73450070814	55843280931	939869175733	470915770754	558960857803	834566979537	974130589157	650844439819	266185792556	1024669492966	444521428646	294380081836	304558897051	577527969535	170301738406	744202441767	557197218606	1018938472	925158947243	615440824459	945407908384	458408053567	1047983291304	952018535286	388036406084	48546399391	570023977317	788207001885	484904840812	93779867700	93779867700	619399355624	960875496	669406012993	495702685575	415134394448	272036488589	931256382917	902988210305	272036488589	8465833100	880486599727	880486599727	805917863576	513229514984	18722758769	14998020280	417891032342	383738027393	14998020280	7161142812	187005223160	266185792556	289065884581	225273139689	628718410995	143574909621	221306966706	221306966706	407799224328	508744871425	508744871425	407799224328	131660144502	131660144502	80568291127	80568291127	80568291127	42043182914	333918733559	326028151660	42043182914	34331115180	918164879462	3724738488	47367114887
685840868134	88062625043	856414957724	827140157325	491370877964	1003009463618	151386582353	216292042631	46991018160	278460559795	468748793970	176091404591	402707954874	514278325004	800226256062	184879019508	475096321587	581745466368	393510230842	659419464323	1066007617192	303335922646	1082311530251	104408509914	448297804622	261912605569	834285015139	838387664820	838111534561	159939127479	761571625930	335576711224	218978237135	986196070383	543189904775	121684668387	61926310959	554677485662	350608519831	912946417594	1049744358997	74352288466	1067508157076	850434084392	645958929557	809367101388	770235647618	1067611941252	1016366123841	837876474270	700182176993	45127873272	1074717985944	778816870888	960099978466	123462953279	112178196199	649193748285	996136140827	978832796742	791037915610	23428703105	860771161237	896682914209	805725581878	337510600518	154743653229	449248597	728740924336	47354904110	287493502721	562108775665	80101361286	110295830381	180351662827	996208555546	448381528504	721286082464	910149019186	314575552685	79125349832	897189415526	343960323679	722670990604	0	0	33554432	16777216	0	16777216	33554432	16777216	16777216	0	16777216	33554432	0	33554432	0	0	16777216	0	33554432	33554432	33554432	33554432	33554432	16777216	33554432	0	0	16777216	0	33554432	0	0	685840868134	88062625043	856414957724	827140157325	491370877964	856414957724	151386582353	216292042631	46991018160	278460559795	468748793970	176091404591	402707954874	514278325004	800226256062	184879019508	184879019508	581745466368	393510230842	393510230842	1066007617192	303335922646	1082311530251	104408509914	448297804622	261912605569	834285015139	838387664820	838111534561	159939127479	761571625930	335576711224	218978237135	62396471686	543189904775	121684668387	61926310959	554677485662	350608519831	912946417594	1049744358997	74352288466	36313023156	16723231626	645958929557	809367101388	770235647618	645958929557	64305326266	837876474270	700182176993	45127873272	1074717985944	778816870888	772053115449	123462953279	112178196199	41074387284	996136140827	978832796742	50048845646	23428703105	23428703105	896682914209	11742984764	192287678913	154743653229	449248597	728740924336	47354904110	47354904110	36886059058	36886059058	110295830381	180351662827	19589791529	1153206250	721286082464	721286082464	1153206250	1153206250	897189415526	6763755438	10532512089
530938984072	96190192379	663512806773	447147522470	169687012721	400474618587	866287137664	230914949006	858507555444	779608856010	341588164658	486079994919	602777707820	423102053843	929139255889	393837801496	824516538423	4735591661	533426620345	820220799431	1063827448349	1008191458041	52987419064	202694251991	827361042493	513303263776	520879239195	702768490610	1092954153617	669005327896	323629209103	99622161413	777185714710	222813617665	322246899087	837501156316	239061616023	510158294114	305488504878	360653456717	492326315571	72562193513	368343555925	278156250048	14126027364	686893049299	946443772359	604969561932	66797261948	544204068790	345179708722	98657225194	95315309136	959547412570	1059746722824	1096509733721	558117701215	890014352770	410752074001	655584038135	221495862743	814554794862	144020537719	927532532134	460296266777	953975313859	316769265378	796976478294	267542821915	706981096966	421023768740	696052922906	685566175111	600255039661	759026753584	83984242385	718152855781	75334660686	819534156410	902937507404	988498973835	422515062929	107277764685	44654319609	0	0	0	0	0	0	0	0	0	0	0	0	0	0	0	0	0	0	0	0	0	0	0	0	0	0	0	0	0	0	0	0	530938984072	96190192379	663512806773	447147522470	169687012721	400474618587	447147522470	169687012721	858507555444	463314239202	341588164658	341588164658	602777707820	423102053843	929139255889	393837801496	393837801496	4735591661	0	0	602777707820	1008191458041	52987419064	202694251991	122869175015	62500717161	520879239195	520879239195	1092954153617	669005327896	323629209103	99622161413	66193658147	6172047443	4735591661	837501156316	239061616023	510158294114	305488504878	360653456717	280828379741	72562193513	27357952239	21013351345	14126027364	686893049299	686893049299	14126027364	1850317203	544204068790	345179708722	98657225194	95315309136	95315309136	24653837896	1096509733721	558117701215	24653837896	50013902135	79825076975	6135544980	814554794862	144020537719	927532532134	113265210510	8774665368	8774665368	796976478294	267542821915	267542821915	267542821915	17822330649	17822330649	600255039661	600255039661	6344600893	27381910623	28799146024	28799146024	27381910623	27381910623	422515062929	8104313171	3373416584
895648002065	980716835575	658733392351	177809525477	599249805243	202871704728	781053900385	683956654420	631963663054	432395224194	318747487341	106199769181	646736944244	402394760909	1027630148346	1046521022838	829857036156	569778692193	439856467637	80056380833	277635134378	1061512520938	640974613776	531718648945	389361599317	919619176279	951469341442	1078990625941	1047358660940	1079403189162	1024091344171	103221737906	807080070200	161751177531	740719442020	33294832174	654157055977	420423404380	1077654890492	1020636441929	194080310331	1030019995600	464121409686	1089563643983	655448140103	238742411368	913655282778	35521958968	148156364227	1005760237998	548552583105	84556706886	200200376532	255563028763	90862196052	1049772173547	857245310872	91929396757	1079783453285	301302717587	327203868148	280733841265	241624780267	617117218392	912678511159	1050289486172	637887335038	664996512131	768771841294	583053862639	723154296729	776832048705	9657095065	1048600501588	1009244344837	991578358874	808352824553	1082182468574	89658882235	314738395523	873323501171	995210772228	778063935049	601758793886	16777216	0	0	33554432	0	33554432	0	0	33554432	0	0	16777216	16777216	33554432	0	16777216	0	0	0	16777216	0	0	0	16777216	33554432	0	33554432	0	33554432	0	16777216	33554432	895648002065	980716835575	658733392351	177809525477	599249805243	202871704728	177809525477	599249805243	631963663054	98505648354	318747487341	106199769181	646736944244	402394760909	1027630148346	402394760909	402394760909	569778692193	439856467637	80056380833	277635134378	1061512520938	640974613776	531718648945	389361599317	209502043800	951469341442	1078990625941	1047358660940	1047358660940	1024091344171	103221737906	807080070200	46171395465	740719442020	33294832174	33294832174	420423404380	1077654890492	1020636441929	44214195097	1030019995600	464121409686	311012721260	655448140103	238742411368	238742411368	35521958968	33752081196	1005760237998	548552583105	84556706886	200200376532	255563028763	3745004088	1049772173547	857245310872	3745004088	245989694604	142357049628	327203868148	280733841265	241624780267	617117218392	203596924316	182083054095	182083054095	664996512131	768771841294	583053862639	583053862639	776832048705	9657095065	1048600501588	1009244344837	4038020613	35577303866	35577303866	35577303866	35577303866	35577303866	995210772228	3168522366	2450552084
1044185333420	1034717332542	68102443334	207705636079	645130438968	64852529055	139886601438	294117824186	735796654525	872050687555	849802679162	949169115767	512586731834	516246248223	597303821495	319908925390	956639252624	532507084893	140359413099	746100937178	643628034778	674201063784	285238703122	1037356658703	561482342795	947325865243	969003868164	450746048890	767895544984	288131749503	396092316751	957824458342	461038715037	974001496621	561576124424	665427960119	974141106597	194830604694	553010569915	530440614740	1072681906108	809047251538	910141611197	1032787765223	160469816479	972896486556	822321272158	601907188576	926744326546	402496055698	923416232425	426321001900	22796194009	1041739883861	508292495177	708990866901	160055998045	864701302961	438218535359	539267538778	350054018981	591957760984	391351847789	848954499206	112812425793	73011897813	630679913551	156288967211	267513182377	1057075179818	997737952602	1001398102289	80094435433	202056216283	61760723009	358621304025	978599925851	288014705961	419906237540	12964796064	581876595511	521968957901	860630174286	62676045621	0	0	0	0	0	0	0	0	0	0	0	0	0	0	0	0	0	0	0	0	0	0	0	0	0	0	0	0	0	0	0	0	1044185333420	1034717332542	68102443334	207705636079	645130438968	64852529055	139886601438	294117824186	735796654525	155392295760	849802679162	849802679162	512586731834	516246248223	597303821495	319908925390	319908925390	532507084893	140359413099	140359413099	512586731834	674201063784	285238703122	1037356658703	561482342795	168805716381	969003868164	450746048890	767895544984	288131749503	396092316751	957824458342	370162724623	149628301549	392147671794	665427960119	665427960119	194830604694	194830604694	530440614740	191143136964	809047251538	515075676981	364223377437	160469816479	972896486556	822321272158	160469816479	142368548747	402496055698	402496055698	426321001900	22796194009	22796194009	11424992195	708990866901	160055998045	11424992195	78086956671	339297477775	53776086066	591957760984	391351847789	848954499206	112812425793	73011897813	73011897813	156288967211	267513182377	267513182377	156288967211	181707283631	80094435433	202056216283	61760723009	58499337055	112264290925	12964796064	12964796064	12964796064	12964796064	521968957901	11371201813	10223896564
934502264441	457921136495	464430591331	810796331579	851578605253	187079315875	126364196446	99865498818	250837787528	632766761694	637716528153	983964999122	103403671534	434450472102	508460019232	407315190392	920633577500	1050087338185	243186541607	467423116196	629197394237	992201581376	754516878371	688617559843	604977858265	897431291228	1021055959751	910337257878	664802725143	20465199673	177917673738	292151303652	104932296772	431389106995	742845361531	351739009286	378139396407	556606272378	644657366835	1067655223656	964204083705	675960275779	778513701226	953254369029	669284253845	1072683817175	991640161371	129555155161	136002285613	825122111098	467085530980	749811497099	989523572119	653515552581	811170006842	626240851349	326998115996	583856171153	963108474626	393533814585	264715689666	91940492601	224338264292	307668320807	536721020209	750011025122	314664685222	261692600481	163213823187	821156464844	450578513124	719368523783	660949558880	447774350463	435277596274	551729535786	4885262131	1009921248026	800843574422	549845742599	427725802873	177526004152	379370000699	621261134087	33554432	0	0	0	16777216	33554432	16777216	33554432	0	0	16777216	0	0	0	33554432	33554432	33554432	33554432	33554432	33554432	16777216	0	16777216	0	16777216	33554432	33554432	33554432	16777216	33554432	33554432	16777216	934502264441	457921136495	464430591331	810796331579	851578605253	187079315875	126364196446	99865498818	250837787528	632766761694	637716528153	983964999122	103403671534	434450472102	508460019232	407315190392	407315190392	1050087338185	243186541607	243186541607	103403671534	992201581376	754516878371	688617559843	604977858265	379840325907	1021055959751	910337257878	664802725143	20465199673	177917673738	292151303652	104932296772	30480452671	742845361531	351739009286	378139396407	556606272378	644657366835	1067655223656	964204083705	675960275779	778513701226	403467601078	669284253845	1072683817175	991640161371	129555155161	9609448089	825122111098	467085530980	749811497099	989523572119	653515552581	54036291106	626240851349	326998115996	41253244700	407638379073	393533814585	18703889179	91940492601	91940492601	307668320807	40349820538	133182715773	133182715773	261692600481	163213823187	821156464844	261692600481	719368523783	660949558880	447774350463	435277596274	375046100147	4885262131	1009921248026	800843574422	4885262131	4885262131	177526004152	177526004152	46705409931
570798066576	790317125164	224356807470	483486754883	266667593711	39282701105	890365447900	875503690911	490710821506	30631604898	1049693994201	345130368438	984878311050	1092068002934	1044434302443	873700673455	660506970413	165766451710	708571439637	101672066711	25361302690	713629516068	755801897581	1093089890848	1081560333135	287090626644	889683962410	556778380280	750918878395	896350149906	956258073439	941900764060	987899791008	392702087777	1074257915420	507744888980	152721055364	726794445733	198363437455	1048216303206	890689903902	991683310234	36910962638	754725785198	314745682732	1052724223963	1063107829507	587783059810	49181475318	183453272508	687961861329	891955553406	909488584411	530277307400	231586127040	62919577992	925415566024	158824935071	953644447828	370171239781	440398641434	1092392447733	418250129723	244663697758	978551576247	1055496236711	1073747426774	37413422007	243800738616	1039090919525	351338443470	74112836587	890150350595	953565181924	765679202496	391220573567	520452932995	148467228536	487762290255	100507102414	130875995193	421902732915	93321066514	1088215636095	0	0	0	0	0	0	0	0	0	0	0	0	0	0	0	0	0	0	0	0	0	0	0	0	0	0	0	0	0	0	0	0	570798066576	570798066576	224356807470	483486754883	266667593711	39282701105	483486754883	266667593711	490710821506	6797667010	1049693994201	345130368438	984878311050	1092068002934	1044434302443	873700673455	660506970413	165766451710	0	0	25361302690	713629516068	713629516068	1093089890848	722918651067	63710226359	889683962410	556778380280	750918878395	750918878395	956258073439	941900764060	454713461933	155219666289	165766451710	507744888980	152721055364	726794445733	198363437455	1048216303206	197659032121	991683310234	36910962638	24309737577	314745682732	1052724223963	1052724223963	314745682732	10914194454	183453272508	183453272508	891955553406	909488584411	530277307400	62777240527	62919577992	62919577992	62777240527	211629701560	370171239781	174072235125	1092392447733	418250129723	244663697758	244663697758	929948709811	424410061598	37413422007	243800738616	243800738616	37413422007	74112836587	74112836587	953565181924	765679202496	12601225060	520452932995	148467228536	148467228536	51730125536	51730125536	421902732915	4858358761	56653252765
640794500757	148109005479	792091005820	968324421394	17994541130	1035781546126	54455352495	724412983287	688219854196	878717780422	1005264622021	47160974115	693002444020	42297965637	720463029779	1098371575351	851445078260	159037819964	656797410332	547116300922	377218374262	474165424993	968302715936	493806562489	306471134374	975771569589	465379409879	13199360773	339406154372	19551285675	414727131586	1046602258013	640531948159	902365272273	964123533555	251436673885	974864048231	1052735354050	804120901719	280468151459	493885403905	887256807072	659295576981	607469318917	649577009337	203131957681	100279247765	1009407321812	944685342460	976137546543	896264647827	540788301194	585646692977	1091676050214	935487907465	868750264760	413594491608	173835932354	1047185607246	669388159744	66066202465	792187668635	26320555414	526706722210	328294546725	616040239962	513432435151	250485817323	346566390678	838907456009	582995965104	652966640246	1018958994107	823576780608	739329780427	329824342502	752018605908	555595338297	874457848549	721629947921	24639964458	200947517231	288660231827	728765821681	0	0	33554432	16777216	16777216	0	16777216	33554432	33554432	0	16777216	0	33554432	16777216	0	0	16777216	33554432	33554432	33554432	0	16777216	0	16777216	16777216	16777216	16777216	0	0	16777216	33554432	0	640794500757	148109005479	792091005820	968324421394	17994541130	792091005820	54455352495	724412983287	688219854196	139335665309	1005264622021	47160974115	693002444020	42297965637	720463029779	1098371575351	851445078260	159037819964	656797410332	547116300922	377218374262	474165424993	968302715936	493806562489	306471134374	154725196039	465379409879	13199360773	339406154372	19551285675	414727131586	1046602258013	640531948159	387196647144	964123533555	251436673885	251436673885	1052735354050	804120901719	280468151459	78313939780	887256807072	502342424793	306852192472	649577009337	203131957681	100279247765	100279247765	149795945447	976137546543	896264647827	540788301194	585646692977	1091676050214	116293168742	868750264760	413594491608	74591401319	166049107619	669388159744	28348400442	792187668635	26320555414	526706722210	7988251964	259351153229	259351153229	250485817323	346566390678	838907456009	582995965104	384314828473	384314828473	823576780608	739329780427	195490232321	599553804	39580750173	39580750173	599553804	599553804	200947517231	171091846507	17732749644
412265061314	328467107320	414192608058	151129268590	331074613540	910368308396	366518838263	584464997516	442875216228	812893548572	721931426506	223279453548	462464815420	143590906614	474449911511	397265842339	889862689005	1097006401638	1087573404149	163517165408	91745433105	283928807756	42410165948	235748075414	462911839291	90333169304	652830112140	308761474048	111378814814	579223237542	1090440933487	248668112881	592974401995	738429189178	645505603877	983469985739	756706691401	1069157554352	446039445535	258004469296	717447345405	213676943533	904144843387	535833767168	283299466639	649615070621	4592625151	462568917060	711326540738	476612636351	534774711914	950421402178	230299256264	11652240673	495026535000	624318730748	735910800396	582392237807	354996998684	150140588072	200479965864	566261954854	585245703484	591808213343	681396500163	585885508893	83007108152	445961635317	180738778279	685262634591	33094350172	176989692123	877370793566	515061375087	328397874647	54825467736	121272186970	1026327709991	821625917296	583669268447	710189083499	224868742836	106365225489	884891053258	0	0	0	0	0	0	0	0	0	0	0	0	0	0	0	0	0	0	0	0	0	0	0	0	0	0	0	0	0	0	0	0	412265061314	328467107320	414192608058	151129268590	331074613540	414192608058	151129268590	331074613540	442875216228	166571441163	721931426506	223279453548	462464815420	143590906614	474449911511	143590906614	143590906614	1097006401638	451500797761	163517165408	91745433105	283928807756	42410165948	235748075414	214630931032	12705282449	652830112140	308761474048	111378814814	111378814814	1090440933487	248668112881	231037127401	69194740316	645505603877	983469985739	756706691401	1069157554352	446039445535	258004469296	147013392458	213676943533	56090740448	50884352570	283299466639	649615070621	4592625151	4592625151	66655078086	476612636351	476612636351	950421402178	230299256264	11652240673	9852778202	624318730748	624318730748	9852778202	49930022070	21117144381	18786038498	566261954854	566261954854	591808213343	415681602118	7778207277	7778207277	445961635317	180738778279	180738778279	33094350172	91037710786	91037710786	515061375087	328397874647	5206387878	66548492297	429701903042	429701903042	66548492297	66548492297	224868742836	1799462470	84031860437
724971523082	11946855347	84108826371	228491710929	146905564849	686882495431	476902161746	930194803736	493175050188	204112444229	1082746520880	1081908603137	128430453302	1028464034895	1045456073770	735501807220	722831906404	459414005790	390639553360	151130966922	695867241614	262236388333	787863519465	547783760234	778801836341	742256870541	35802632754	692060887057	779778721322	304214457462	68119079413	273284777731	174593529327	304669567542	861022580302	711086990430	693226805495	618726321987	498270672438	307677802187	789609473318	887004693037	739823190395	257812585419	812054701783	338132568962	979911417062	822865847173	980812859797	866255132940	263671032824	876462243102	682233566441	184418274788	1065613043895	105925600303	128192063242	253369615018	94938859023	330521683005	225317044793	151401863478	948077223580	611145712531	238331164926	849992437989	659472194504	46275366697	979888906621	238061043674	734424965194	853989432532	980280477644	528700091671	537809620483	924002893332	949780220235	615665690197	734429149121	851489140242	461571259153	256444868084	265517108214	962823277715	0	33554432	33554432	0	16777216	16777216	33554432	16777216	0	0	33554432	33554432	16777216	16777216	33554432	0	33554432	0	33554432	16777216	16777216	16777216	16777216	33554432	16777216	33554432	33554432	0	16777216	16777216	0	33554432	724971523082	11946855347	84108826371	228491710929	146905564849	84108826371	476902161746	930194803736	493175050188	204112444229	1082746520880	1081908603137	128430453302	1028464034895	1045456073770	735501807220	722831906404	459414005790	390639553360	151130966922	695867241614	262236388333	787863519465	547783760234	778801836341	714535664110	35802632754	692060887057	779778721322	304214457462	68119079413	273284777731	174593529327	23899164682	861022580302	711086990430	693226805495	618726321987	498270672438	307677802187	789609473318	887004693037	301571091678	65787615944	812054701783	338132568962	979911417062	822865847173	76937805924	866255132940	263671032824	876462243102	682233566441	184418274788	116664648589	105925600303	105925600303	19875047592	91393159665	330521683005	17674522606	151401863478	948077223580	611145712531	238331164926	634842762881	634842762881	46275366697	979888906621	238061043674	46275366697	549226612836	549226612836	528700091671	537809620483	235783475733	36206988521	615665690197	615665690197	36206988521	36206988521	256444868084	67753626198	245689510904
497937736225	980726554422	656487376544	558706673664	963231216841	484818139389	795556633219	669432206794	792660279431	908643535526	1029820850453	404490736193	912349011993	291933651697	33085972977	819156719962	605260330707	393502455829	324071043591	169153064803	351758860394	465472544537	584413413935	843937470791	830226203917	381091943203	218768395315	723706366652	268151609445	558551794930	286456496287	960876732080	102012146006	192076880042	82925660191	37073941483	746778573307	701705652123	55830388230	976696731737	1049075503876	824881272868	518987266473	541119906200	40278327388	72352852265	256181171511	147855643534	53251302603	945323800475	34779513936	125308649070	880261172202	550192559731	271868918195	616559046262	1089081036381	470957864483	236196572741	968696393953	554280715349	631018065433	384314100651	682378045259	174499657550	491054214374	455929380876	416363653641	740390171850	356111820031	310638211595	460295634899	352362123325	459645921258	294803338959	247712535068	286532620800	524689543746	302546202106	870715586916	813689724438	358529052240	715747211370	506125616230	0	0	0	0	0	0	0	0	0	0	0	0	0	0	0	0	0	0	0	0	0	0	0	0	0	0	0	0	0	0	0	0	497937736225	497937736225	656487376544	558706673664	963231216841	484818139389	558706673664	669432206794	792660279431	277882645620	1029820850453	404490736193	912349011993	291933651697	33085972977	33085972977	33085972977	393502455829	310576795638	169153064803	351758860394	465472544537	465472544537	843937470791	314972587242	116546074738	218768395315	218768395315	268151609445	268151609445	286456496287	960876732080	102012146006	18640353210	82925660191	37073941483	37073941483	701705652123	55830388230	976696731737	320829747942	824881272868	518987266473	295483115200	40278327388	72352852265	72352852265	40278327388	5167842632	945323800475	34779513936	125308649070	880261172202	550192559731	16540463212	616559046262	616559046262	16540463212	72233968496	528964883548	33085972977	631018065433	384314100651	682378045259	174499657550	248964106160	248964106160	416363653641	740390171850	356111820031	310638211595	277316492421	51613157910	459645921258	294803338959	8699886725	28577513973	28577513973	28577513973	28577513973	28577513973	358529052240	25137684943	17775586241
657264378771	985179071450	540273843735	571020111229	513730348491	611090539351	734409465045	263768113280	857182499708	837759733093	74382430063	435544941296	947683883854	284169325798	324396627174	622378687750	61689074596	543325583935	433418627526	567165531027	686422925565	497740608099	681660480863	333500468678	909415049930	571926194104	392297658122	414403474277	618353891379	203276384391	308888050973	149223703791	614329314443	101376468900	558717808212	201923765397	242266493820	1002294675146	630530404337	908062822980	497795495628	420903702344	637573086282	1050104802369	1048739983030	993726299592	1046762018092	329665442409	322984051279	12937065184	584588114405	15426000162	127069409070	606935233739	132417688398	209160767449	690458135514	688767960712	667493268409	161920895324	538501857478	286063115278	599353361539	147015647127	572590370112	86465689198	479867634910	442091368398	551878502158	170691002054	706410392740	331824448689	978300142428	216224284495	172410294207	422888883531	1068476760	78329802545	456372048525	755411386656	841362274688	569038686863	898604114420	349124158049	16777216	33554432	33554432	0	16777216	16777216	0	0	16777216	16777216	16777216	33554432	33554432	16777216	16777216	0	16777216	33554432	0	33554432	33554432	0	33554432	0	33554432	0	33554432	33554432	33554432	0	16777216	0	657264378771	985179071450	540273843735	571020111229	513730348491	611090539351	734409465045	263768113280	857182499708	837759733093	74382430063	435544941296	947683883854	284169325798	324396627174	622378687750	61689074596	543325583935	433418627526	433418627526	686422925565	497740608099	681660480863	333500468678	236057834931	344180376166	392297658122	414403474277	618353891379	203276384391	308888050973	149223703791	87832517272	5325545220	558717808212	201923765397	242266493820	1002294675146	630530404337	908062822980	497795495628	420903702344	196721117054	140243499835	1048739983030	993726299592	993726299592	329665442409	16967114649	12937065184	584588114405	15426000162	127069409070	606935233739	36182606881	209160767449	690458135514	36182606881	401691838174	97442633746	28288773760	286063115278	599353361539	147015647127	551658687382	25208579637	25208579637	442091368398	551878502158	170691002054	170691002054	223114108529	223114108529	216224284495	172410294207	56477617218	1068476760	78329802545	78329802545	1068476760	1068476760	569038686863	120010293914	46626197396
520966099920	817475350167	875688572411	689570183586	679914610674	538449401022	394816811817	143204337993	393477783472	524597934215	458870602648	618323997883	743786545227	413571361172	481125260471	113587562714	261352740439	463780459314	953632351485	869110166506	407808771928	558993962546	475632555246	1084643237278	170192129859	633964274990	972051201460	495653397903	1086582018758	741899025322	861618537725	828954984705	341995238470	165056483810	317221462079	955469863264	508959285768	639526226739	313218304241	72843697794	203918839765	396510510833	111884597200	10179773838	819177952217	558337267922	700675392581	1037484424587	417979765179	859748359381	921063603702	841412228641	308382953625	12342241734	769905782409	893871881827	199004988797	717094996626	53211382229	63156822221	783608968316	1043653831984	736843715788	240294908459	945669979928	598555237776	749441730974	990326807999	24516185398	260370040917	970846676713	725242723708	498289069473	730761766686	836331564826	612031209172	882209425725	889218275452	639337358710	129109203259	165259267846	847335257869	388707488342	128418770156	0	0	0	0	0	0	0	0	0	0	0	0	0	0	0	0	0	0	0	0	0	0	0	0	0	0	0	0	0	0	0	0	520966099920	520966099920	875688572411	689570183586	679914610674	538449401022	394816811817	143204337993	393477783472	112570628914	458870602648	458870602648	743786545227	413571361172	481125260471	113587562714	113587562714	463780459314	290341024382	290341024382	407808771928	558993962546	475632555246	1084643237278	170192129859	136038959534	972051201460	495653397903	1086582018758	741899025322	861618537725	828954984705	341995238470	65315836527	173439434931	955469863264	508959285768	639526226739	313218304241	72843697794	43757839180	396510510833	111884597200	1830504324	819177952217	558337267922	558337267922	558337267922	89692013579	859748359381	859748359381	841412228641	308382953625	12342241734	8003743810	893871881827	199004988797	8003743810	11418342262	29085858613	113587562714	1043653831984	736843715788	240294908459	240294908459	365824960617	365824960617	990326807999	24516185398	24516185398	24516185398	219229831794	219229831794	730761766686	730761766686	110054092875	65396081838	259811649627	259811649627	65396081838	65396081838	847335257869	4338497923	104837240995
442293859223	461032898309	733109500	765854508259	546039640252	72770370434	28124628748	723538226567	331089170827	265401193378	479734297138	663841978845	850416631912	707143238565	695604225530	414408629961	175172236604	741033439187	252757715173	359077411608	421871541793	160477970785	96413779827	1015648639865	921191349325	596441787145	59124672377	924090957238	1011633780752	61037855671	685698891540	202375778480	1045047785046	74622823282	253652060453	404148062339	828921880810	1007740684318	527141003865	262484546467	188396724617	800349968972	594504147917	344916164831	349133033791	1028134453177	1015476728224	482948887504	447533943996	496607987977	459710149415	349301623928	831738203223	1078313357950	72457524356	103758017780	704241917060	712598586341	789867388291	11131679143	1069753912123	513406398981	152414939961	493774589364	754408708646	933129512239	369228045543	797050695545	684506313276	823619335448	9756726925	578607165778	614275145590	50513024314	329311396290	682048669527	1004758110571	179999411153	801315370789	152719038938	493826344200	957909184863	725368340055	616334464369	33554432	0	0	0	0	0	16777216	0	33554432	0	33554432	0	16777216	16777216	0	33554432	16777216	0	16777216	0	0	16777216	16777216	0	33554432	0	33554432	33554432	33554432	16777216	0	16777216	442293859223	461032898309	733109500	765854508259	546039640252	733109500	28124628748	723538226567	331089170827	265401193378	479734297138	479734297138	850416631912	707143238565	695604225530	414408629961	175172236604	741033439187	252757715173	252757715173	421871541793	160477970785	96413779827	1015648639865	921191349325	333736247601	59124672377	59124672377	1011633780752	61037855671	685698891540	202375778480	145951460845	3892067138	253652060453	404148062339	828921880810	1007740684318	527141003865	262484546467	188396724617	800349968972	594504147917	192996247192	349133033791	1028134453177	1015476728224	482948887504	23341815281	496607987977	459710149415	349301623928	831738203223	1078313357950	37166665893	103758017780	704241917060	37166665893	441966649473	11131679143	55794646526	513406398981	152414939961	493774589364	69708468033	19257651741	19257651741	797050695545	684506313276	823619335448	9756726925	578607165778	260622426025	50513024314	329311396290	98701639808	25756266004	25756266004	25756266004	25756266004	25756266004	957909184863	104970580293	56950205922
833312105795	1047120604477	1088001450353	822720624613	555747535174	614812950085	616814559420	1030975907937	363518816130	739159965746	967033663635	395282270386	612289700862	308643170667	441768305800	172080586456	199104419136	173090026749	817348031219	999823747415	831956349446	742024578906	768798609146	632829394173	251105361904	395362017416	38384302456	964603616108	366962576956	65957144755	531323588546	951589979746	1008003038488	1030880744490	284378644928	624455048798	583411492780	906168384574	774635939192	999289202207	456584675787	1032751058370	628827592175	855547796407	129675363388	541586898331	700207845541	849161499314	168433997792	1017053012133	533791510037	360799980992	512907461405	378250559099	547974522286	818981356013	290733882958	293089329756	960577069786	200189416209	676562707175	907923826995	323024433864	236362484509	486649911233	619255026175	846712482756	267628422521	521852576368	712364741035	591033545722	354129828321	753309911898	6293798137	169468333055	1037683554811	611785178939	13196117831	837474243383	1047431708073	33339504443	1274898845	294663027735	183677695887	0	0	0	0	0	0	0	0	0	0	0	0	0	0	0	0	0	0	0	0	0	0	0	0	0	0	0	0	0	0	0	0	833312105795	833312105795	1088001450353	822720624613	555747535174	614812950085	616814559420	555747535174	363518816130	98781958243	967033663635	395282270386	612289700862	308643170667	441768305800	172080586456	172080586456	173090026749	67547272190	67547272190	612289700862	742024578906	742024578906	632829394173	251105361904	52836511858	38384302456	38384302456	366962576956	65957144755	531323588546	951589979746	515172015151	249708960647	105542754558	624455048798	583411492780	906168384574	774635939192	999289202207	61018359310	1032751058370	628827592175	278506256568	129675363388	541586898331	541586898331	129675363388	22509660841	1017053012133	533791510037	360799980992	512907461405	378250559099	146702795811	818981356013	290733882958	70994663836	128372325875	200189416209	163882943128	907923826995	323024433864	236362484509	228648991267	275630099162	275630099162	267628422521	521852576368	521852576368	267628422521	354129828321	197945611785	6293798137	6293798137	6293798137	8075786697	8075786697	8075786697	8075786697	8075786697	1274898845	1274898845	86299655899
979979219527	493431411631	485567459549	312198154735	81798734876	493254949638	293148785144	123820555485	97823579298	912848881543	820513059334	1073087992687	759881114037	825498355971	906007708645	109638841836	853957127700	468595306959	964295462462	407315493197	818462998244	738486879929	114939340473	71137895100	956351621469	233401173763	614214845508	239957282341	913834314608	473668885437	797304159010	928721000112	1083190093671	729380145133	205604965367	547123759740	416052712087	313076098980	314011906446	266166741059	1046992500625	493969833926	74891552835	197954514967	30436246970	789964788883	713076309321	821807787366	41146679853	872771218287	267196091085	1025682819541	992983780619	912460230671	483600895809	173258817392	763548966705	682519095865	174572114510	1083982215547	479636597367	204893949783	508685096349	689413997300	85076082436	230497322346	583388100263	871421413457	410318515974	1011844039482	921484534797	947759932689	145317093079	704540311015	431061517988	597470126505	271213488972	348646829382	919134210458	381373058387	226015899619	58239686350	740653357278	1024591948293	33554432	0	0	33554432	33554432	16777216	33554432	33554432	33554432	16777216	16777216	16777216	33554432	0	0	16777216	33554432	33554432	16777216	33554432	33554432	0	0	33554432	16777216	16777216	16777216	16777216	0	0	33554432	0	979979219527	493431411631	485567459549	312198154735	81798734876	493254949638	293148785144	123820555485	97823579298	37069148054	820513059334	1073087992687	759881114037	825498355971	906007708645	109638841836	109638841836	468595306959	964295462462	407315493197	759881114037	738486879929	114939340473	71137895100	956351621469	9478001059	614214845508	239957282341	913834314608	473668885437	797304159010	928721000112	1083190093671	448819394294	205604965367	547123759740	416052712087	313076098980	314011906446	266166741059	42516478687	493969833926	74891552835	38144587539	30436246970	789964788883	713076309321	30436246970	1670892519	872771218287	267196091085	1025682819541	992983780619	912460230671	483600895809	173258817392	763548966705	419983748179	7089058977	1083982215547	109638841836	204893949783	204893949783	689413997300	38799950853	230497322346	230497322346	871421413457	410318515974	1011844039482	921484534797	947759932689	145317093079	704540311015	431061517988	36746965295	271213488972	348646829382	348646829382	103077216841	103077216841	58239686350	45553345696	63016782087
510144707045	490603358319	605508235542	615048765759	458064049263	237952053837	41867098932	678423454012	274826825524	197730602681	95372046329	293511125225	95756312949	797719297639	86226746792	1002244835942	889891722177	87793784348	925177862278	426125857099	406214015475	627874674612	125872356405	492874439056	565096710607	284220305771	988841323507	106786205167	684065659806	884339976739	809269097969	162082123620	513964523750	773023050452	568907639777	1017790447105	818147408025	438036363528	528734491465	291988350836	166527457345	274087117008	954836188708	608363405707	466029370661	299291475827	111876707849	792441421284	838251339023	285006529267	774235228155	167349388453	752306781921	477748684916	704489142774	685726170064	490347619030	786687301810	95569942785	502900632495	1039638049982	464837238045	858338308165	327427645055	979003874315	224148862778	238965338520	326586357681	133218826519	963069407946	418250357703	834749083486	1011696222210	785218900456	370417260151	740729849326	92503665419	610993644521	894012366253	485861880838	89058517292	57018755612	1057804506674	187093026813	0	0	0	0	0	0	0	0	0	0	0	0	0	0	0	0	0	0	0	0	0	0	0	0	0	0	0	0	0	0	0	0	510144707045	490603358319	605508235542	615048765759	458064049263	237952053837	41867098932	458064049263	274826825524	65103735332	95372046329	95372046329	95756312949	797719297639	86226746792	86226746792	86226746792	87793784348	13272294237	13272294237	95756312949	627874674612	125872356405	492874439056	255716040496	93580878792	988841323507	106786205167	684065659806	684065659806	809269097969	162082123620	125564416079	27522992257	74521490110	1017790447105	818147408025	438036363528	438036363528	291988350836	54829952276	274087117008	137918099418	77259752021	466029370661	299291475827	111876707849	111876707849	29845403834	285006529267	285006529267	167349388453	752306781921	477748684916	28009499204	685726170064	490347619030	28009499204	31466855289	237158398559	37015649124	464837238045	464837238045	327427645055	327427645055	148587046882	8508208336	326586357681	133218826519	133218826519	133218826519	132998145931	132998145931	785218900456	370417260151	60658347396	3170871658	3170871658	3170871658	3170871658	3170871658	57018755612	57018755612	15321042923
393806090747	923992203419	996774577139	248371894814	1052541885359	350329626570	864829750633	753153858085	198537809650	839048391434	191306843973	470375003104	1013722294270	964985735717	638583548139	176909388433	525352925002	490465985160	670996573504	64857258779	949070042368	669452906736	269450453885	1002720633233	528940319020	453248653976	877525688125	223303038824	796621639457	283195454434	671474252804	798744383304	1016754235591	507159602401	511846753328	574365896534	340253884069	38328107225	181835181705	125038824323	409370600970	567310853674	706318086362	880134293302	409632526819	524804123322	1074987700393	358819854285	602001913876	678683090961	1034256788087	368502473268	985633353829	532932582965	433865968733	1040758339239	144591155398	58225829423	899809031867	252233756692	750643715710	660812985403	725228990870	941028643758	749384124665	941892501010	626882840658	294600118746	463698042536	566431138064	916377787612	257310573141	925676194608	600215310942	108844458131	868822021321	644533437480	1090868983513	655888433717	446349886391	370640895537	913392963675	427905220742	114157219806	0	0	33554432	0	33554432	33554432	33554432	33554432	16777216	16777216	33554432	33554432	33554432	0	0	33554432	16777216	33554432	33554432	16777216	0	33554432	0	0	0	33554432	33554432	16777216	0	16777216	16777216	33554432	393806090747	393806090747	996774577139	248371894814	1052541885359	350329626570	864829750633	753153858085	198537809650	52000606539	191306843973	470375003104	1013722294270	964985735717	638583548139	176909388433	176909388433	490465985160	7549238851	7549238851	949070042368	669452906736	269450453885	1002720633233	528940319020	28090399982	877525688125	223303038824	796621639457	283195454434	671474252804	798744383304	587413697584	161853144760	482916746308	574365896534	340253884069	38328107225	38328107225	125038824323	25371027186	567310853674	706318086362	280882985372	409632526819	524804123322	1074987700393	358819854285	37309486531	678683090961	678683090961	368502473268	985633353829	532932582965	11269484715	1040758339239	144591155398	11269484715	55766289410	252233756692	176909388433	660812985403	660812985403	941028643758	566981347363	200061201003	200061201003	294600118746	463698042536	566431138064	294600118746	257310573141	213759483801	600215310942	108844458131	108844458131	71736752375	71736752375	71736752375	71736752375	71736752375	913392963675	82820140006	22094885663
931264469891	152160737411	259025997583	58981967607	336204620108	172471580392	311186740527	339906237694	406801393190	900660539262	985217680712	229066762562	450303822180	28924328233	180123330039	812380060742	134741124280	446745302590	896625300998	807895562571	447206948444	771930933704	716045788059	1034897358198	75219994223	913621657821	311822082914	219912255258	90083528252	23960879375	581085926830	41652109873	75134388213	824771521490	1011827081438	350824073881	832892427685	648846199562	865997863865	851411532074	773028626793	691801220582	316892641258	754425676340	258011125055	758542718593	486265345502	724763078303	91327264188	722575841710	757688367484	329043774108	209751647087	984076518498	78543080802	167862755470	113961894997	645471804012	785187224377	23707533319	527077565738	403238627232	224023839528	956347411702	184682487395	190960659192	615242790510	430501758044	320703968	26664195508	73489548277	32336153720	648966522714	601097059107	420687263800	786168833701	78385726480	997017483677	10106561094	550277290791	732296589835	536155605445	738488276585	526285652783	0	0	0	0	0	0	0	0	0	0	0	0	0	0	0	0	0	0	0	0	0	0	0	0	0	0	0	0	0	0	0	0	931264469891	152160737411	259025997583	58981967607	336204620108	172471580392	58981967607	336204620108	406801393190	108391634543	985217680712	229066762562	450303822180	28924328233	180123330039	28924328233	28924328233	446745302590	47736396393	47736396393	447206948444	771930933704	716045788059	1034897358198	75219994223	109951463985	311822082914	219912255258	90083528252	23960879375	581085926830	41652109873	28786895400	8416546108	399008906196	350824073881	350824073881	648846199562	648846199562	851411532074	93031539358	691801220582	316892641258	304497523893	258011125055	758542718593	486265345502	258011125055	931967350	722575841710	722575841710	329043774108	209751647087	209751647087	6586846246	167862755470	113961894997	6586846246	94494787950	23707533319	5378668539	403238627232	224023839528	956347411702	184682487395	190960659192	6278368226	430501758044	320703968	320703968	320703968	32336153720	32336153720	601097059107	420687263800	12395117364	27338301061	262782473080	10106561094	7472867155	7472867155	536155605445	11643362682	8297673672
416133095194	658368517731	655038310706	424294717998	679151156731	272043257440	190456203087	1063931488258	704249097720	1032089346280	11756726066	274791274383	70082386283	737720138112	38522140254	858695674122	637896978603	25810524439	50262380198	677369665446	103960928221	322269705015	460396434683	499064162890	440452763514	317508474348	772699006009	292948573412	269855048402	550041296181	391093246659	3940783773	511851225474	902308792158	524174009887	537775458258	108963616748	216077065074	1002058370414	366829898490	535634161950	910157494003	1040487781673	949208703687	529634242089	231398437928	1083812479710	284797433616	954039609277	13289467027	158717885151	841056385543	865757173121	110771949426	244381828470	457900601089	286684436520	798542973903	240568544548	159798819565	364398186908	749167267950	1000819381191	508182690764	710537733344	148273845276	375706208237	644252671547	762741947450	133423137060	700348509285	633409024274	567510287287	83239334908	396561491927	422623371600	40565128323	1059159969593	274992621754	208581361494	751170137621	111162458267	336651033573	760556496112	33554432	33554432	16777216	0	16777216	0	16777216	33554432	0	16777216	33554432	0	0	0	0	16777216	33554432	33554432	16777216	0	16777216	33554432	0	0	33554432	0	16777216	0	33554432	33554432	33554432	33554432	416133095194	416133095194	655038310706	424294717998	679151156731	272043257440	190456203087	1063931488258	704249097720	341548156565	11756726066	274791274383	70082386283	737720138112	38522140254	858695674122	637896978603	25810524439	50262380198	50262380198	103960928221	322269705015	322269705015	499064162890	440452763514	105072719235	772699006009	292948573412	269855048402	550041296181	391093246659	3940783773	3004942607	719112880	524174009887	537775458258	108963616748	216077065074	1002058370414	366829898490	177256805592	910157494003	1040487781673	576421474422	529634242089	231398437928	231398437928	231398437928	760340780	13289467027	13289467027	841056385543	865757173121	110771949426	636414654	457900601089	286684436520	636414654	79611075546	159798819565	290414359	749167267950	1000819381191	508182690764	706216953381	299426511	299426511	644252671547	762741947450	133423137060	133423137060	633409024274	567510287287	83239334908	396561491927	163370984638	40565128323	1059159969593	274992621754	598659933	598659933	111162458267	110135534771	294003767876
919996609957	102131584330	328269482156	771001289506	421697721304	1059399457082	448498706678	695987871353	706584199380	852765722978	484865630874	405310450170	446968576490	57500702686	761624604208	335450986744	835726842453	1034527665883	81461824834	360904492583	155434684689	446690938793	276057576410	732510877123	557402888537	817667920553	678588550648	963369608242	40642060785	1078496974185	842400790875	513936019694	156527536101	34324349404	424480808003	686000169789	423161386125	329704139327	440330206911	483292199518	459937554504	1058378575361	1064913995058	1014915773437	726178048878	250471242932	557152164230	1003525468237	274630623828	676220883013	1012755023278	258990345620	822631583403	152539122463	208694006626	552310900335	614331061928	906258472630	268599307868	28925051178	387119759265	603093206716	725457714905	555179002794	738500373626	25971922091	34497058985	954465505736	57735478326	713508767967	660451910031	72381988477	69524791139	915183681511	723825751602	319611854988	604098590982	958043603954	673985442365	884570120502	230670116354	10180708557	1052136765493	415183265807	0	0	0	0	0	0	0	0	0	0	0	0	0	0	0	0	0	0	0	0	0	0	0	0	0	0	0	0	0	0	0	0	919996609957	102131584330	328269482156	771001289506	421697721304	328269482156	448498706678	421697721304	706584199380	242834115791	484865630874	405310450170	446968576490	57500702686	761624604208	57500702686	57500702686	1034527665883	81461824834	81461824834	155434684689	446690938793	276057576410	732510877123	557402888537	232839642997	678588550648	678588550648	40642060785	40642060785	842400790875	513936019694	156527536101	2931094438	424480808003	686000169789	423161386125	329704139327	329704139327	483292199518	130972113861	1058378575361	966298736617	485019517822	726178048878	250471242932	250471242932	250471242932	23451815052	676220883013	676220883013	258990345620	822631583403	152539122463	94573154135	552310900335	552310900335	77389060962	76486511677	28925051178	33057715380	603093206716	603093206716	555179002794	549864009662	16485847745	16485847745	954465505736	57735478326	57735478326	57735478326	72381988477	69524791139	915183681511	723825751602	25812735795	19697850266	75194550079	75194550079	19697850266	19697850266	10180708557	10180708557	33531346786
576036225804	459935843058	542205984594	304997103344	342610754194	555570614955	464291855931	500838978300	660190866184	323747407128	891339585233	1034328649649	801863107207	134023010559	201779572592	153220293434	1028109798990	508396044779	264636371770	656496935133	91360152604	580024355033	672068882774	715872258254	591958551290	133012782622	1039722024110	1024979389493	252377715145	191303821832	905221747987	1002958343436	495290393827	733531773867	925561465963	400693063220	27090090224	155940962649	947488056999	459891883753	931625288644	1075876991158	84703307171	620772044145	168350885562	192729316644	235931727810	293747103281	552357885471	478406868956	138430885980	632629400438	885977785984	645147896392	892224743187	819845999118	565401105753	260625193931	241274728624	86805945616	292202190258	726235304474	220986414073	326684765362	803034498094	711299981179	279319430794	497816697013	1023233645204	270227599966	274974137089	70634356356	627590825769	716165924913	180220668677	7166667222	533507850061	111922097928	613086213926	235701741497	251731916131	988213848060	598985863552	1058809344274	16777216	33554432	16777216	33554432	0	0	16777216	33554432	33554432	33554432	33554432	33554432	16777216	33554432	16777216	0	16777216	0	16777216	16777216	16777216	0	16777216	33554432	0	33554432	0	33554432	33554432	16777216	33554432	0	576036225804	459935843058	542205984594	304997103344	342610754194	555570614955	464291855931	500838978300	660190866184	323747407128	891339585233	1034328649649	801863107207	134023010559	201779572592	134023010559	134023010559	508396044779	176673162871	176673162871	91360152604	580024355033	672068882774	715872258254	591958551290	133012782622	1039722024110	1024979389493	252377715145	191303821832	905221747987	1002958343436	495290393827	180826014746	331722881907	400693063220	27090090224	155940962649	947488056999	459891883753	931625288644	1075876991158	84703307171	84399268421	168350885562	192729316644	235931727810	168350885562	136164074552	478406868956	138430885980	632629400438	885977785984	645147896392	619736515163	819845999118	565401105753	64247816986	241274728624	86805945616	72031995677	726235304474	220986414073	326684765362	134046985830	582494147785	279319430794	497816697013	1023233645204	270227599966	270227599966	70634356356	70634356356	716165924913	180220668677	304038749	533507850061	111922097928	111922097928	42020491865	42020491865	988213848060	25411381228	44918936377
274985864915	308478149600	613467284807	161976049397	688071752212	862172276561	295955161332	201719234533	1044067593263	851082249767	725258773779	603051891313	328947034454	424395734553	1049652600506	1003918560325	30118930838	975537912011	187624515950	234248809611	851759392380	45521006248	653974428872	418580049547	907334910893	783788015857	260333114998	714518874401	240109202591	871544012497	774615997615	142251246466	246303129458	386975400782	38059096639	451384266452	804883013481	524758030734	779135604123	255036334121	631277747837	981477258662	1041735356948	574161626628	1097559807059	85833278088	1054715505340	865060468942	111149132324	438452273822	169100670288	3175863556	259535088146	332738795952	531944976905	262754040471	312774227402	518968306864	455443605810	71286706590	163080624362	396077846144	1025062059485	623808735559	448318216154	431853645890	83057545291	980355391353	660781899868	530627504519	286287756378	1078037050074	294356133052	1006005334394	327617490790	143691129369	337546760293	1071628836262	639389890701	142688103111	490473710862	473172254164	21920125215	82627573766	0	0	0	0	0	0	0	0	0	0	0	0	0	0	0	0	0	0	0	0	0	0	0	0	0	0	0	0	0	0	0	0	274985864915	274985864915	613467284807	161976049397	688071752212	613467284807	161976049397	201719234533	1044067593263	535871724510	725258773779	603051891313	328947034454	424395734553	1049652600506	424395734553	30118930838	975537912011	187624515950	187624515950	328947034454	45521006248	45521006248	418580049547	404404701168	155856101527	260333114998	260333114998	240109202591	240109202591	774615997615	142251246466	125680268697	72813584673	38059096639	451384266452	451384266452	524758030734	524758030734	255036334121	240860985742	981477258662	539871413322	114171932924	1097559807059	85833278088	85833278088	85833278088	20913904970	438452273822	169100670288	3175863556	259535088146	259535088146	942807102	262754040471	262754040471	942807102	90564876511	14175348378	30118930838	396077846144	396077846144	623808735559	395036695934	15628170665	15628170665	980355391353	660781899868	530627504519	286287756378	440714804225	450974225	1006005334394	327617490790	261042949	891041113	891041113	891041113	891041113	891041113	473172254164	39822180	150109096
273695817311	687236168595	250474368253	704697335205	290370815333	1062349278589	450668914495	530901609393	94472988859	521393165933	957234919894	607726193857	623049446174	909815167268	1089596389922	15791444755	271182711763	124618374007	1089366659208	896787208175	291724583568	364261061532	414269385748	800238182765	133558987429	638898516085	827922908772	614052712301	329001679955	350063702912	563617722325	125307529343	54549589261	373870655708	788933752731	444110121508	734318833639	113630750835	977201234220	599027863715	1016991644175	358221015255	463141838791	456493927990	566959958190	841108858272	1018167138625	12138479461	795889116863	224253597506	881067907983	669784600014	477088535239	4019536159	396073170283	428398144505	870803956684	422321722590	379639142688	144309813708	569746196492	149275700269	100193151172	863876624884	631764891857	1045401700372	1002926403341	930831785248	596769952052	146828915219	662593261008	37982209817	460905996213	311788490886	290542794164	115780993031	872659640237	87379620078	541203384830	594227305303	817025077370	786310718903	885698061758	629661733413	16777216	33554432	0	0	16777216	33554432	0	16777216	16777216	33554432	0	16777216	16777216	16777216	16777216	16777216	16777216	16777216	0	0	0	0	16777216	33554432	16777216	0	0	0	0	33554432	33554432	16777216	273695817311	687236168595	250474368253	704697335205	290370815333	1062349278589	450668914495	290370815333	94472988859	521393165933	957234919894	607726193857	623049446174	909815167268	1089596389922	15791444755	15791444755	124618374007	1089366659208	896787208175	291724583568	364261061532	364261061532	800238182765	133558987429	121958470598	827922908772	614052712301	329001679955	350063702912	563617722325	125307529343	54549589261	7787616910	788933752731	444110121508	444110121508	113630750835	977201234220	599027863715	524589311320	358221015255	463141838791	87139506343	566959958190	841108858272	841108858272	12138479461	16578138591	224253597506	881067907983	669784600014	477088535239	4019536159	1297791864	428398144505	870803956684	1297791864	72468800687	74438552394	11867647398	149275700269	100193151172	863876624884	53390891257	191447259924	191447259924	930831785248	596769952052	146828915219	146828915219	37982209817	37982209817	311788490886	290542794164	5476600103	543124978254	87379620078	87379620078	17018394495	17018394495	786310718903	2721744294	29783865418
525033003898	765203293623	75880356064	396370968856	443844306149	971708427121	188606105160	651241566309	249096159769	376080214326	898458004307	340656154516	965335050783	255839608122	746034933667	179229758201	703628386247	187805033663	316955595477	676388369465	790116395754	922417047488	346632948275	238348200003	31557764939	163628505021	960627152207	358885022164	1025290880556	739349039612	24707115242	318487609653	74655191627	566083098629	833891631627	564043219044	996961935371	411491912440	37214021373	313816909267	905376787437	237890706710	1035196681690	839126655205	919870010887	1002536217583	989097531206	747716863484	952425839941	911479588780	465423448827	1009739303199	372098150741	57246992519	1069565965405	357526856952	475779995761	456010939576	1062007691794	1051602947090	730398978540	644129199773	740033873416	86029074970	155462155667	222261642844	595277069702	269465437508	213353432445	590514423195	579545632944	115766877298	1038748490236	891861707543	797941556533	60580154015	1077824263233	527717598561	788768015111	932964078324	693062500546	219113587931	744036155152	606727274593	0	0	0	0	0	0	0	0	0	0	0	0	0	0	0	0	0	0	0	0	0	0	0	0	0	0	0	0	0	0	0	0	525033003898	525033003898	75880356064	396370968856	443844306149	75880356064	188606105160	443844306149	249096159769	36628196640	898458004307	340656154516	965335050783	255839608122	746034933667	179229758201	179229758201	187805033663	0	0	790116395754	922417047488	346632948275	238348200003	17355113954	15936539146	960627152207	358885022164	1025290880556	739349039612	24707115242	318487609653	17548589160	2923488590	187805033663	564043219044	564043219044	411491912440	37214021373	313816909267	88178845206	237890706710	118544566371	113018160451	919870010887	1002536217583	989097531206	747716863484	4918723210	911479588780	465423448827	1009739303199	372098150741	57246992519	2355030175	357526856952	357526856952	2355030175	103433855564	220993086048	3772084143	644129199773	644129199773	86029074970	86029074970	125096755435	125096755435	269465437508	213353432445	213353432445	213353432445	115766877298	115766877298	891861707543	797941556533	5526405919	3579263040	3579263040	3579263040	3579263040	3579263040	219113587931	54891962343	55348509034
171776465989	733835916120	389689754139	84800768483	177443907423	176488681616	1045392722759	817363127051	1020044131121	161715023006	177535096721	480283797200	853971452376	1008021307429	91088910637	1076367906944	28516751375	169754027503	175236252140	664330882740	1046101914524	325442317777	464058073856	997591802396	298988151414	982246025498	800969182379	730626372965	1025926951838	496114576050	548867685463	972515236195	165258945026	287868348649	549581529064	548334938922	1013099807978	269768496550	799221326359	810625690333	103045357720	776960845356	1062058819074	340977567020	122830896302	370345165057	409056235965	123057408134	184351429097	384759688392	364756278416	717659636819	640747212691	647891252445	348142836040	739566444986	215999634933	30268538620	897215494445	587018388796	340093008240	894634464518	130987346723	1057974714382	809497465823	82504797985	796719587976	1059159650732	523410722594	655152970404	840614181005	541170306767	1052763512267	1043672058962	858293333442	716163032080	693564125158	267492502092	523042405833	345929898230	1016811494544	217958299988	1051597209756	286600785287	16777216	33554432	0	16777216	16777216	33554432	0	33554432	16777216	33554432	16777216	0	0	16777216	33554432	0	16777216	33554432	16777216	33554432	16777216	16777216	16777216	0	33554432	33554432	16777216	0	16777216	0	0	0	171776465989	733835916120	389689754139	84800768483	177443907423	176488681616	1045392722759	817363127051	1020044131121	161715023006	177535096721	177535096721	853971452376	1008021307429	91088910637	1076367906944	28516751375	169754027503	175236252140	175236252140	853971452376	325442317777	464058073856	997591802396	298988151414	254484208677	800969182379	730626372965	1025926951838	496114576050	548867685463	972515236195	165258945026	42225204529	549581529064	548334938922	548334938922	269768496550	799221326359	810625690333	103045357720	776960845356	283270431881	88341824825	122830896302	370345165057	409056235965	122830896302	27041099987	384759688392	364756278416	717659636819	640747212691	640747212691	348142836040	739566444986	215999634933	4439860234	232454160353	587018388796	28516751375	894634464518	130987346723	1057974714382	50183840291	82504797985	82504797985	1059159650732	523410722594	655152970404	655152970404	430654384575	430654384575	1043672058962	858293333442	194928607055	63036028898	191804370218	191804370218	63036028898	63036028898	217958299988	217958299988	17767477532
967362261030	117825420416	636211402888	486969890199	496286291650	830211531185	351917095637	683741287782	1012637140311	217865820769	715317128493	54911238268	169721303890	405131294450	356090501932	59852620120	805817225450	149773971846	758328222016	983254260735	946181393821	288308224613	298693792214	351327925010	835348239177	959816534930	781479426438	1051262037899	45186021541	735168904518	868467558660	399960183297	625755105596	739923105404	697315009679	670766253647	991774483058	797481490488	695117671021	483830551257	755896039951	799569099322	927125397758	290358138456	55824335233	601006019570	644543746286	679007348536	854706124545	51425284322	1076907096324	257474729509	221946240304	37878326906	267209413647	597411560619	531228527114	560458484586	203275596303	893985986919	74446358354	873484025223	667225677501	597544797553	63257297884	804804006457	749015384802	751745514132	137725514750	17975865778	228310523028	964676563732	610320756090	581674539869	1035031364428	720982460637	432528695767	184363794576	176904264614	80093961850	543026591663	950195111598	771336230972	550107952149	0	0	0	0	0	0	0	0	0	0	0	0	0	0	0	0	0	0	0	0	0	0	0	0	0	0	0	0	0	0	0	0	967362261030	117825420416	636211402888	486969890199	496286291650	636211402888	351917095637	496286291650	1012637140311	217865820769	715317128493	54911238268	169721303890	405131294450	356090501932	59852620120	59852620120	149773971846	64958593543	64958593543	169721303890	288308224613	288308224613	351327925010	201449421407	160915124054	781479426438	781479426438	45186021541	45186021541	868467558660	399960183297	285675782711	97150287349	84815378302	670766253647	670766253647	797481490488	695117671021	483830551257	333952047654	799569099322	357345089330	48679111235	55824335233	601006019570	601006019570	55824335233	112221047015	51425284322	51425284322	257474729509	221946240304	37878326906	15940316813	597411560619	531228527114	15940316813	34079552295	149878503602	9774644221	873484025223	667225677501	597544797553	63257297884	98344083772	98344083772	751745514132	137725514750	17975865778	17975865778	391634522679	140355438072	581674539869	581674539869	67168226389	50589487311	50589487311	50589487311	50589487311	50589487311	950195111598	21938010092	51249201590
214174927063	518093057548	3454972042	118975334149	274124164854	294639586981	10859897335	514914778139	1073385716384	48090831837	399635224992	974658241427	713710958515	1084397583326	236816531708	634704428749	619895563297	15121119447	956554601608	1035821106425	404810800387	8248263978	415686630260	410403334182	286636287	286375251234	339828608796	920543252895	1079982111247	646135524114	503279893163	157080966297	897782559979	269054086781	660088224641	1010059812153	629094187671	847226103306	585956290593	384147240076	1026641060631	509018196391	20840978671	113683311279	984858000579	296449307067	779284405558	847205166122	387408087700	98702293427	941715783963	375294375165	221645327398	521306863695	1027323968256	550632353156	648610708286	561555017181	499483122223	431244714788	231679016994	218438646676	128307822147	266934318609	133941573660	89180226532	784932169095	150516418304	191522936886	66395335770	163776858121	897701521306	425255660802	306990361151	768420829145	744750504794	69985425852	228750736277	1018034015818	154169259102	46218077758	362673640933	430555678802	332886316146	16777216	33554432	16777216	16777216	16777216	33554432	33554432	33554432	33554432	33554432	33554432	0	16777216	16777216	16777216	0	0	16777216	33554432	33554432	16777216	16777216	33554432	33554432	16777216	0	0	16777216	33554432	0	0	0	214174927063	518093057548	3454972042	118975334149	274124164854	294639586981	10859897335	514914778139	1073385716384	48090831837	399635224992	399635224992	713710958515	1084397583326	236816531708	634704428749	619895563297	15121119447	956554601608	956554601608	404810800387	8248263978	415686630260	410403334182	286636287	84826869454	339828608796	920543252895	1079982111247	646135524114	503279893163	157080966297	897782559979	79696188120	660088224641	1010059812153	629094187671	847226103306	585956290593	384147240076	1026641060631	509018196391	20840978671	2759993165	984858000579	296449307067	296449307067	296449307067	320056241988	98702293427	941715783963	375294375165	221645327398	521306863695	295070384770	550632353156	648610708286	295070384770	147951296143	431244714788	191401051968	218438646676	128307822147	266934318609	33497488914	89180226532	89180226532	150516418304	191522936886	66395335770	66395335770	472903839891	425255660802	306990361151	768420829145	18080985505	15273377828	228750736277	228750736277	11558693130	11558693130	362673640933	226236478924	83251640101
361039421771	811018262535	625175514590	270776563601	107141733652	535438503353	29898818072	396797854487	985751674525	627805485946	907287637443	663568202339	101514868814	945124634079	1089396376181	304440366898	378747621377	255387149402	1009995544475	630700795630	821851908705	654187015506	634347972698	349116478781	641932239705	622225357215	700129280283	765293952253	272314862477	1048307651841	804564822482	272803784455	915458843438	1077388253920	297065885947	757763831431	838514603302	625309891481	747710621923	167765839231	914953644852	960428856214	1007046000140	364877809105	603899625010	814774236810	196421164429	584266984944	313943786597	206314911831	277491872787	402603307980	270102457472	894098209306	36306923387	485259309897	299162785602	614655901	401345623912	954986682334	703116401145	1095764671510	844344101644	496448906390	583098531968	760124205841	911583498587	10361028739	263502183624	804192058747	591316080024	117169070949	682371583157	982393812040	572124197939	457969734430	896101268459	125282724584	1034155590775	277965750915	1013190017843	240925320111	487164190014	311635171390	0	0	0	0	0	0	0	0	0	0	0	0	0	0	0	0	0	0	0	0	0	0	0	0	0	0	0	0	0	0	0	0	361039421771	361039421771	625175514590	270776563601	107141733652	535438503353	29898818072	107141733652	985751674525	370685433709	907287637443	663568202339	101514868814	945124634079	1089396376181	304440366898	304440366898	255387149402	194789134025	194789134025	101514868814	654187015506	634347972698	349116478781	263437732840	311046605536	700129280283	700129280283	272314862477	272314862477	804564822482	272803784455	210907471824	73105125088	60598015376	757763831431	757763831431	625309891481	625309891481	167765839231	82087093290	960428856214	683149979692	182400158787	603899625010	814774236810	196421164429	196421164429	21302348254	206314911831	206314911831	402603307980	270102457472	270102457472	41706874	485259309897	299162785602	41706874	200630193734	85678745940	47709274971	1095764671510	844344101644	496448906390	496448906390	61854605756	61854605756	10361028739	263502183624	263502183624	10361028739	117169070949	117169070949	982393812040	572124197939	42696696221	160109805572	125282724584	125282724584	68749016636	68749016636	240925320111	45418506655	29053868071
698583026393	90589159190	359420950753	531743963131	173939074523	257913957760	381072642046	1030130948824	173086197699	775077966334	643868755161	177640454680	905716663319	155908347164	245908857507	20421429793	622770064967	968110881994	428015464063	46413916312	400806884580	236056750646	483121753363	627180835365	146932977663	572367614338	477243081948	969278157225	232066476500	363669835563	945403915727	923939061582	1099345382683	680930336343	276586571789	1093384243295	379191654948	479041574626	857365223576	759285858822	335499357028	738702542234	849319909430	585844188147	839766194199	84493039232	212696485564	998444554335	975925585337	637269579503	396629751705	350878658089	849176786894	428335717358	592397245523	1051373992549	392941709952	52839057053	841252662255	443029310135	163893005834	657483778873	896799398804	655145633899	965579416850	764990157376	419883864546	1009575316136	471152843750	563932776459	622710543690	218753146916	923989157445	432954517240	1027455818552	1059307481282	526987689515	538786726709	436850896264	498838188496	848652008351	310016461027	632040499728	312190831819	33554432	33554432	33554432	0	0	0	0	16777216	16777216	33554432	16777216	0	16777216	33554432	33554432	16777216	33554432	0	0	16777216	0	33554432	0	33554432	0	0	16777216	33554432	33554432	33554432	0	16777216	698583026393	90589159190	359420950753	531743963131	173939074523	257913957760	381072642046	1030130948824	173086197699	38328736164	643868755161	177640454680	905716663319	155908347164	245908857507	20421429793	20421429793	968110881994	428015464063	46413916312	400806884580	236056750646	483121753363	627180835365	146932977663	28304413532	477243081948	477243081948	232066476500	363669835563	945403915727	923939061582	786746956042	194114813116	276586571789	1093384243295	379191654948	479041574626	857365223576	759285858822	16590932651	738702542234	849319909430	167008325268	839766194199	84493039232	84493039232	84493039232	48260943932	637269579503	396629751705	350878658089	849176786894	428335717358	4939176518	1051373992549	392941709952	4939176518	41601171417	443029310135	20421429793	657483778873	896799398804	655145633899	788288611177	119697527847	119697527847	1009575316136	471152843750	563932776459	563932776459	218753146916	187282521885	432954517240	1027455818552	99019682212	79328479842	79328479842	79328479842	79328479842	79328479842	310016461027	59080531889	29182307783
259397303214	688464676226	552622429260	167095264604	421459920825	480476672583	754382005883	909329482549	661181643388	843124572801	138834631233	79109563059	598623626773	150421564462	262587412582	1058497551170	867489589057	52296207879	422835462131	954485495542	102648227438	1022138916469	893598493780	657197723329	442274630556	992674651330	614234406474	261754793823	683947595208	129423737767	512708487770	322869711887	724027653419	1063574168392	488527833105	334120674198	184013954630	286073788749	165317729499	607978185596	990240340889	464791667295	227780639143	35949745781	500840158944	687972219363	792557852047	552370600061	148616612220	112678732351	705262353436	319674143921	725870856568	339655075358	682582795427	892542132434	575042996525	984706851498	1088021107108	532759580192	900747313491	386179862480	649692018722	96006355911	211124344835	814437459967	720581319816	591517796596	218391881207	2370830650	159971087762	786053672818	879735204591	454717538619	526220060890	702230337971	829677443666	108417801020	120129518625	1042049111257	239317932257	504870692327	861606083799	909341633040	0	0	0	0	0	0	0	0	0	0	0	0	0	0	0	0	0	0	0	0	0	0	0	0	0	0	0	0	0	0	0	0	259397303214	259397303214	552622429260	167095264604	421459920825	480476672583	167095264604	421459920825	661181643388	140374682961	138834631233	79109563059	598623626773	150421564462	262587412582	150421564462	150421564462	52296207879	3323864005	3323864005	102648227438	1022138916469	893598493780	657197723329	214088026201	165273785108	614234406474	261754793823	683947595208	129423737767	512708487770	322869711887	213675247909	68103686621	48972343873	334120674198	184013954630	286073788749	165317729499	607978185596	164868488468	464791667295	127832773765	35949745781	500840158944	687972219363	687972219363	500840158944	9516345438	112678732351	112678732351	319674143921	725870856568	339655075358	63053587442	892542132434	575042996525	63053587442	181148341411	443109697127	57677418826	386179862480	386179862480	96006355911	96006355911	641886751478	46140876535	591517796596	218391881207	2370830650	2370830650	321634683948	225972137316	454717538619	454717538619	64162177911	15324209580	15324209580	15324209580	15324209580	15324209580	504870692327	78724201802	83085757602
723723794329	881738142076	563712285804	316680833564	118592449458	317136116749	1048468415261	528237856851	725677983027	718127521201	345036093105	123537576396	761197097104	993922229625	523598190178	1038080650392	679293442244	932046972235	771877689086	361963332131	466346781889	893323886888	133263649953	434830225037	432768027992	771631539654	523549610083	489368637071	533767436563	1064500113924	680925099522	1059452734833	999301311672	1061386219187	64089675624	811678551945	410150733728	808631575375	961994264934	859639336402	670988899838	625601912103	246284468974	363828923527	493380456435	631509713631	74623915949	979664073893	792590527106	742598291633	377696010803	77883350251	815168970733	744334765544	75813011876	178392278256	678957110732	917548086575	309501684995	992970674097	967639682565	153789339546	8006222841	103061054766	381168974968	1140307424	122929096000	826902570182	554819179150	187138209832	737660808091	1068786607802	314244340159	1044437129759	594851422938	280037340390	865465206815	664124143572	291880020580	158409824858	1065156177835	289063173972	996242374458	645205616784	33554432	33554432	16777216	33554432	33554432	16777216	0	0	33554432	16777216	16777216	16777216	0	33554432	16777216	33554432	16777216	16777216	16777216	33554432	0	16777216	0	33554432	16777216	0	33554432	0	16777216	16777216	33554432	33554432	723723794329	881738142076	563712285804	316680833564	118592449458	317136116749	1048468415261	528237856851	725677983027	181621260972	345036093105	123537576396	761197097104	993922229625	523598190178	1038080650392	679293442244	932046972235	771877689086	361963332131	466346781889	893323886888	133263649953	434830225037	275107838320	124119306233	523549610083	489368637071	533767436563	1064500113924	680925099522	1059452734833	672770423679	170727237549	64089675624	811678551945	410150733728	808631575375	961994264934	859639336402	169699456558	625601912103	246284468974	58523001270	493380456435	631509713631	74623915949	74623915949	200453661387	742598291633	377696010803	77883350251	815168970733	744334765544	28130399607	178392278256	678957110732	28130399607	49784297874	159722386716	269381787213	153789339546	8006222841	103061054766	1459086233	1140307424	1140307424	826902570182	554819179150	187138209832	187138209832	1068786607802	41598274800	1044437129759	594851422938	8585448986	4077337921	4077337921	4077337921	4077337921	4077337921	289063173972	30543027128	2469798685
334533884001	1016856167888	304549228812	254032268400	994037493424	560868870876	100260360875	720390441521	776045950064	498937077588	262157405732	433540387550	288481668376	114523565321	258523944056	964781675227	123166911489	560468129758	1009820724425	976463337593	955603398837	235722883241	632201496692	177282676693	726313815247	32373273803	726750325033	316177851781	633656090185	366080616991	1001647750822	591513243285	18463249267	1045216097228	469072948799	122972738326	242446862637	595521983296	187179173739	507662055896	330710159143	659454026352	872511329307	718208581296	675142251959	9758988141	203594828838	439138701679	263967656417	545965725968	45333625602	843757445989	350579377893	573052544389	1097902558768	290150529310	150988567269	464585811961	833272804832	23037246121	672115654077	243599891914	109138723841	552871756443	252571989879	461012410814	928722503508	163406022299	1069530902254	389938514884	968804203786	544606690438	517459279380	564236732713	784079009467	356289877394	626135673292	558666994309	373728564768	431589916160	29487006542	293614199428	499391915251	628807129329	0	0	0	0	0	0	0	0	0	0	0	0	0	0	0	0	0	0	0	0	0	0	0	0	0	0	0	0	0	0	0	0	334533884001	334533884001	304549228812	254032268400	994037493424	304549228812	100260360875	720390441521	776045950064	382369747234	262157405732	262157405732	288481668376	114523565321	258523944056	114523565321	114523565321	560468129758	394622141020	394622141020	288481668376	235722883241	235722883241	177282676693	173603156333	5170675324	726750325033	316177851781	633656090185	366080616991	1001647750822	591513243285	18463249267	7796033718	165845988737	122972738326	122972738326	595521983296	187179173739	507662055896	253445906587	659454026352	251944744930	114712630284	675142251959	9758988141	9758988141	9758988141	1968875867	545965725968	45333625602	843757445989	350579377893	350579377893	158228674391	290150529310	150988567269	3465241938	133090745050	3679520359	5013160738	243599891914	109138723841	552871756443	31212260566	148336018193	148336018193	163406022299	1069530902254	389938514884	163406022299	407289344417	407289344417	564236732713	564236732713	137232114646	219937004	278019490175	278019490175	219937004	219937004	293614199428	192350703501	77706526270
449633485654	301309659578	916193158261	571943860317	21605413100	875818013445	112312552458	273449448111	135087343851	828248217555	234984212437	214848724335	667982838935	281321825081	311384169020	27818369607	500255300419	587246095837	559497533376	612368771919	910201608165	18132895468	1048796152706	79486973066	1055675533170	1054814400764	491172390020	918575738914	105374532868	278372035348	394807959847	714979066246	1007431216365	885832907479	359428263160	1048530252972	45889316778	1093443666526	178880798404	344016995686	4759273486	507048837983	306334503174	1026520538108	878700548909	536489035481	779960426211	676068265831	612546015826	1084454064404	887869300643	1077588497832	934367784433	422016840480	707754602908	21897883574	393606185355	144519394047	724997038179	897956629826	236670301604	40986496662	655216794641	150647340645	1088381712805	541255167637	198731669222	12524664096	790861568260	683870321934	944329361664	500775281780	278095980122	862905491992	917629774979	600488025314	201735172807	26936972230	481072366481	503533656748	280066440034	111601910265	664963663262	258135643408	16777216	33554432	0	33554432	0	16777216	16777216	0	33554432	16777216	0	33554432	33554432	33554432	0	0	16777216	0	16777216	33554432	33554432	16777216	0	0	0	16777216	0	33554432	33554432	33554432	33554432	0	449633485654	301309659578	916193158261	571943860317	21605413100	875818013445	112312552458	21605413100	135087343851	34689361867	234984212437	214848724335	667982838935	281321825081	311384169020	27818369607	27818369607	587246095837	347519697779	347519697779	667982838935	18132895468	1048796152706	79486973066	0	44178590035	491172390020	918575738914	105374532868	278372035348	394807959847	714979066246	556406115542	409231472239	239726398057	1048530252972	45889316778	1093443666526	178880798404	344016995686	199331742	507048837983	247935991448	156429039821	878700548909	536489035481	779960426211	676068265831	25655147759	1084454064404	887869300643	1077588497832	934367784433	422016840480	66764153706	21897883574	393606185355	66764153706	30364912446	79486973066	27818369607	40986496662	655216794641	150647340645	588943141513	381655165933	91808796997	12524664096	790861568260	683870321934	683870321934	232175874304	232175874304	862905491992	917629774979	91506951626	26936972230	26936972230	26936972230	26936972230	26936972230	111601910265	101332241780	39336680897
752991647789	592335132307	643210976842	482219414245	1081741652069	682483761465	626052125482	316361765898	900136998738	663865797762	536415932978	718654412275	665657379294	862433723466	462630700330	822247664440	612742517872	934419501387	182738496875	1039742312244	678080207973	739862062497	829950646957	869510415775	626429424705	959079506974	202493716369	561704263525	722839151541	1022728966393	174322110410	1018561883313	648563639277	614306756274	730532238337	606512506270	758226331741	900913707369	28789026242	994627085316	205939415686	193360478371	253330158738	218306180249	292235882765	558028460889	969639413010	483650275728	908269223560	524995742452	985528337683	350013127422	757358432187	39215973345	1008510856137	992932517061	558612259562	371105385754	588011829245	576595947424	501100363212	410196942924	570239609679	794294213348	904083799609	205675220907	578711845421	399856464960	877952851264	595941493209	37694928665	677849006910	721325646035	1094684948152	825975431339	684337687092	269110529438	597753820682	224981965590	871813958129	246985394951	695370980231	794705234746	883665935037	0	0	0	0	0	0	0	0	0	0	0	0	0	0	0	0	0	0	0	0	0	0	0	0	0	0	0	0	0	0	0	0	752991647789	592335132307	643210976842	482219414245	1081741652069	643210976842	482219414245	316361765898	900136998738	232642556702	536415932978	536415932978	665657379294	862433723466	462630700330	462630700330	462630700330	934419501387	182738496875	182738496875	665657379294	739862062497	739862062497	869510415775	292914468351	336096104567	202493716369	202493716369	722839151541	722839151541	174322110410	1018561883313	145405571277	35960882141	730532238337	606512506270	606512506270	900913707369	28789026242	994627085316	72168610512	193360478371	55594726593	13445693084	292235882765	558028460889	558028460889	292235882765	53169140933	524995742452	524995742452	350013127422	757358432187	39215973345	12483381657	992932517061	558612259562	12483381657	206060586022	576595947424	29333896979	410196942924	410196942924	794294213348	341312816343	205675220907	205675220907	399856464960	877952851264	595941493209	37694928665	123307482211	123307482211	1094684948152	825975431339	42149033509	14458269566	14458269566	14458269566	14458269566	14458269566	695370980231	26732591687	54425857014
851641854055	182060603050	855190759485	739118677624	525867589817	44254331140	302390408966	520099661533	363633435038	261114508477	86773302375	318502460753	791721869022	720328950862	29650556333	1046247897498	615896740204	540662412282	960600841346	80354931329	1097455280053	66439371220	533747777211	1046026150912	798702308907	490085090118	416781030908	646859438859	986544155528	100626222341	1035780807796	665621811277	237265449051	1016497924423	70315003641	50869503965	745725760141	947374707349	737705724792	584201029330	478404182291	1009929481459	212066931173	121566506412	733121103099	212131232790	146231128581	417194911214	1005285227625	752465331558	93428026404	482642503890	20735524419	303122308489	615251456307	33640714774	902211313857	187828009133	353212130502	626394143210	289338854389	721357642598	1007389618261	277476234363	956231364644	1081252787555	315808407839	661387077600	524138439534	461172458590	494292986618	1064677986155	263072698436	962525592017	938024455835	872286386282	984415655502	144671916110	873174375334	750340026210	499310955088	648649843647	837997594140	1038793845259	16777216	16777216	0	0	33554432	16777216	33554432	0	33554432	33554432	16777216	33554432	16777216	0	0	16777216	0	33554432	16777216	0	33554432	33554432	16777216	0	0	16777216	0	33554432	0	33554432	33554432	33554432	851641854055	182060603050	855190759485	739118677624	525867589817	44254331140	302390408966	520099661533	363633435038	261114508477	86773302375	318502460753	791721869022	720328950862	29650556333	1046247897498	615896740204	540662412282	470347408641	80354931329	791721869022	66439371220	66439371220	1046026150912	720025783422	255059727507	416781030908	646859438859	986544155528	100626222341	1035780807796	665621811277	237265449051	80439907952	70315003641	50869503965	745725760141	947374707349	737705724792	584201029330	478404182291	1009929481459	212066931173	63268033704	733121103099	212131232790	146231128581	146231128581	79552598419	752465331558	93428026404	482642503890	20735524419	303122308489	222930221413	33640714774	902211313857	14863648417	183825608194	326000367489	22896643716	721357642598	1007389618261	277476234363	277476234363	164359226738	164359226738	661387077600	524138439534	461172458590	461172458590	1064677986155	263072698436	962525592017	938024455835	83473349246	984415655502	144671916110	144671916110	39512650544	39512650544	648649843647	80192087075	99407262114
960246162752	934159940534	148785321255	220015457054	422022265385	998623371932	733433026167	427463827867	904322566318	56626324888	351567344883	276499537148	917352746146	516888840107	358708662202	1066797605892	364835840710	971460890686	252418706548	522846905918	803072206865	532863503658	817229789289	186763882028	569108249029	411473143619	277717499340	76085569182	973194783116	172440034997	39188047612	164923244535	402376311028	40262596611	168619949741	378880753051	730405355106	1010476922350	423572128292	254516650980	717116714623	1064684610023	842286653414	352211274700	33062144807	832195090039	465973458189	553934954386	628107615457	62466879919	1047020340791	191269148281	216066263024	66731715557	604529276070	1066421466865	931784845558	197013864216	767277332810	749937865875	72873169214	325018628893	82079030075	301990140257	605630077875	525633553161	371295835402	686559479840	347274016513	546651897155	301899053362	870180331472	608362497089	241080501146	506024202856	180478462542	516952681591	754226156422	720818322103	724822534354	725349216199	311198841829	588602197574	1057715785415	0	0	0	0	0	0	0	0	0	0	0	0	0	0	0	0	0	0	0	0	0	0	0	0	0	0	0	0	0	0	0	0	960246162752	934159940534	148785321255	220015457054	422022265385	148785321255	220015457054	422022265385	904322566318	56626324888	351567344883	276499537148	917352746146	516888840107	358708662202	358708662202	358708662202	971460890686	252418706548	252418706548	803072206865	532863503658	532863503658	186763882028	56658515395	125434325087	277717499340	76085569182	973194783116	172440034997	39188047612	164923244535	20933560279	506633938	168619949741	378880753051	378880753051	1010476922350	423572128292	254516650980	124411284347	1064684610023	520296228010	107368814260	33062144807	832195090039	465973458189	33062144807	7903629213	62466879919	62466879919	191269148281	216066263024	66731715557	2479072844	1066421466865	931784845558	2479072844	233898410840	130105366632	916980617	325018628893	82079030075	301990140257	26562001961	113186591260	113186591260	686559479840	347274016513	347274016513	301899053362	535261138346	170535588104	241080501146	241080501146	59893160944	9127243666	9127243666	9127243666	9127243666	9127243666	311198841829	64252642712	46389784446
489169441510	223907544343	522815380549	612059507577	1069765542715	272523684661	853403552747	817005747340	617506309786	1094627348518	210405177035	171450497690	1011511618476	150259475290	336627316322	128160485443	16959992894	298051906104	233923650056	750964603026	526474545367	352072943965	237446388029	613927162118	930933051033	577944056921	407012015779	45154735422	259303988023	778546895860	379527812489	971082349315	1017428348081	755599595826	425474063247	238665921477	1879862792	534937633341	348214273729	777451980683	752544758883	933910611443	189150692028	666919341474	1013103753453	720351577566	881583235049	357158025789	553829240818	545282651578	791654242703	989933781874	679769170356	6949623052	790195084768	353782713061	386469350610	409742153644	1059198714398	67206135923	987632653201	356400115804	141930467521	162630901754	196124519861	295498557813	14441346365	594188186621	1008559283188	480081773447	488781797070	453084542165	474463250328	758317860752	10991735950	438288933233	460612162178	866300456206	1044769516689	833872462702	850412825588	463063893282	34453184994	483457597105	0	0	0	16777216	33554432	0	33554432	0	0	0	33554432	33554432	16777216	0	0	16777216	16777216	0	33554432	0	33554432	16777216	33554432	0	33554432	0	0	33554432	16777216	16777216	16777216	33554432	489169441510	223907544343	522815380549	612059507577	1069765542715	272523684661	853403552747	817005747340	617506309786	1094627348518	210405177035	171450497690	1011511618476	150259475290	336627316322	128160485443	16959992894	298051906104	233923650056	233923650056	526474545367	352072943965	237446388029	613927162118	597400385902	142123214835	407012015779	45154735422	259303988023	778546895860	379527812489	971082349315	961120464577	185810793279	425474063247	238665921477	1879862792	534937633341	348214273729	777451980683	752544758883	933910611443	189150692028	164003279748	1013103753453	720351577566	720351577566	357158025789	553829240818	545282651578	545282651578	989933781874	679769170356	6949623052	6410588470	353782713061	353782713061	6410588470	260469373527	16526776215	16959992894	356400115804	141930467521	162630901754	18193553470	3551296267	3551296267	594188186621	1008559283188	480081773447	480081773447	453084542165	453084542165	758317860752	10991735950	10991735950	460612162178	866300456206	866300456206	198109849116	78888816272	463063893282	539034581	44848097778
660781947187	276623863343	904814178637	560168545189	431570400794	746942936428	915127466913	941119264463	676536229392	877999691507	421603342497	965239293309	70608103920	133885892779	105911297873	286968149639	862017745451	996479014225	981625285734	281341749179	224140291735	701161379050	28294381428	96532241477	263531506952	226142599525	952834212409	651166957618	328237625303	928868943258	814983533591	654385913837	873355681442	541529289661	249800786808	602541971994	655535971338	597885803111	427662420419	824884602967	69871489759	695157404197	998148322823	564734344587	952451005175	924797813141	415258631805	688181580616	443284810791	846238175264	255841587437	407430159588	733876392402	914875551697	964839940876	865345249632	311241123850	610080606384	868499931051	511013430053	165942883726	821123291648	371372343908	324433460893	328816592559	430842229145	919647818190	808395395395	366329041311	742198103685	733467674166	187195787373	396956972072	336484511007	41201241818	222804732936	438195849583	903942758029	101002167200	711581763575	1094424809605	208017355244	350172887308	327426101735	0	0	0	0	0	0	0	0	0	0	0	0	0	0	0	0	0	0	0	0	0	0	0	0	0	0	0	0	0	0	0	0	660781947187	276623863343	904814178637	560168545189	431570400794	746942936428	560168545189	431570400794	676536229392	423271848906	421603342497	421603342497	70608103920	133885892779	105911297873	105911297873	105911297873	996479014225	746678227417	281341749179	70608103920	701161379050	28294381428	96532241477	83034952923	5973056167	952834212409	651166957618	328237625303	328237625303	814983533591	654385913837	467674697636	14303297434	249800786808	602541971994	602541971994	597885803111	427662420419	824884602967	33684105976	695157404197	479054808143	14916207592	952451005175	924797813141	415258631805	415258631805	190667715210	846238175264	255841587437	407430159588	733876392402	733876392402	162420754853	865345249632	311241123850	162420754853	22939503130	13497288553	71376121457	821123291648	371372343908	324433460893	271918758005	24290461346	24290461346	808395395395	366329041311	366329041311	366329041311	187195787373	187195787373	336484511007	41201241818	41201241818	28906808680	28906808680	28906808680	28906808680	28906808680	208017355244	75447768333	70546777221
14378812841	287470604174	959617354082	750186386824	577207415946	600993872477	1071495299270	513863008154	92120551101	604126529332	749442141113	639397349482	783918984068	530636387219	131901826470	176225776064	435059322847	1064080945678	478183862491	590275365592	1057497945547	898182251372	723280495604	479423911873	759099516085	1034144087385	311585625577	235670620161	593340758607	907669404250	445946125739	547157146757	607461049514	926168963400	158807154120	9007764712	249653515055	1082106749688	949850158664	464725578281	928902431662	380359471961	847570805674	817269030508	547268927521	427025311620	277952180460	1032184262275	76833622763	1097216348721	1071840130516	63013872660	898958054736	1082909243307	933334781468	108370800558	282888490185	728786729252	507378973785	81692851120	220074322118	26133756629	1012608142450	218465077574	524336668513	60166480353	596411069119	378961746071	968580624289	944365903626	929239502871	473081748365	908075859574	864715453188	882460898093	770387573424	696312961046	182905970626	343055466246	670757138414	1080814399688	515950759984	521478463459	941488058166	16777216	16777216	33554432	0	0	0	0	33554432	0	16777216	16777216	33554432	33554432	33554432	0	0	0	33554432	0	16777216	0	16777216	33554432	16777216	16777216	0	0	33554432	0	0	16777216	16777216	14378812841	287470604174	959617354082	750186386824	577207415946	600993872477	750186386824	513863008154	92120551101	604126529332	749442141113	639397349482	783918984068	530636387219	131901826470	131901826470	131901826470	1064080945678	478183862491	478183862491	1057497945547	898182251372	723280495604	479423911873	759099516085	521987136603	311585625577	235670620161	593340758607	593340758607	445946125739	547157146757	419361674854	300707001963	158807154120	9007764712	249653515055	1082106749688	949850158664	464725578281	427158850902	380359471961	339600693397	330126203321	547268927521	427025311620	277952180460	277952180460	24946213125	1097216348721	1071840130516	63013872660	898958054736	1082909243307	8962868654	108370800558	108370800558	8962868654	256100964004	37566727378	71453365669	26133756629	1012608142450	218465077574	218465077574	60166480353	60166480353	378961746071	968580624289	944365903626	378961746071	27466553121	27466553121	864715453188	882460898093	9474490075	13292225442	13292225442	13292225442	13292225442	13292225442	515950759984	6413320641	11578742403
514213392660	739246857931	274595857808	527460035506	286034890165	259793698018	313634107439	218194711855	259001809084	1066202597468	69996571984	576625664867	770935205588	483560534549	607765055978	147189285221	554110211161	582544852304	1002269545803	928785001434	245102821137	459545323450	178894236687	948408245845	569887288945	523352249733	833569146175	937189448556	308764177513	743592764273	190251389354	285897411413	570126709812	1030597172769	1064589220126	626426987912	389227872310	929765249352	536473351322	683646332119	570376791856	584823492311	848614647974	143793037078	26764547949	982254177123	264953011838	804468878628	83315035577	631448838205	493831938411	612063039307	507200636514	918819858948	954034257104	681375766643	173211540062	660521150609	840654979800	324344105937	254397025166	882999083701	467422013891	983213763327	798551573970	1227481367	560607103179	946270596265	425020309160	70733254493	926195621163	819657021934	351247501223	5429454317	740029293870	1051360415219	214642960451	211490289706	392411845268	8362068528	323225932784	486150779819	885969023944	841173834029	0	0	0	0	0	0	0	0	0	0	0	0	0	0	0	0	0	0	0	0	0	0	0	0	0	0	0	0	0	0	0	0	514213392660	514213392660	274595857808	527460035506	286034890165	259793698018	313634107439	218194711855	259001809084	89621401066	69996571984	69996571984	770935205588	483560534549	607765055978	147189285221	147189285221	582544852304	188926881513	188926881513	245102821137	459545323450	178894236687	948408245845	569887288945	43991228293	833569146175	833569146175	308764177513	308764177513	190251389354	285897411413	173527252298	83899951797	393617970790	626426987912	389227872310	929765249352	536473351322	683646332119	47943953000	584823492311	183471225016	143793037078	26764547949	982254177123	264953011838	26764547949	6782599112	631448838205	493831938411	612063039307	507200636514	507200636514	111142677748	681375766643	173211540062	53772409008	70662627611	324344105937	20710223851	882999083701	467422013891	983213763327	290635491618	1227481367	1227481367	946270596265	425020309160	70733254493	70733254493	384327551245	351247501223	5429454317	5429454317	5429454317	17024716048	8362068528	8362068528	8362068528	8362068528	486150779819	177393593161	168424453744
179761024793	871221389048	638862612558	469785121949	686493335425	819722075304	796841053352	613317164394	632772046800	98438816608	559904006669	393805303088	97941650513	423648583353	503156667093	239569348697	1098214514868	1027227217618	674358062313	1090416357955	771399383345	525752858639	229240520294	712372801564	145132430664	366500004359	549585024507	351405113735	953563155867	417156063750	890731568293	830274109703	330167718864	906051929682	115402957822	199791160067	905484762496	549368948241	289757644278	574239139720	785985651549	995079106254	958495469536	865294320091	348709436788	528378739957	790641827245	355129225306	219908915243	758797570122	107870048859	775744457541	624108764831	564032461044	423363877000	540047566984	924494821793	815161108044	3064815981	836177128178	525382422079	320800339269	1066008829596	933069954427	749046608822	987749442569	1023793351029	969514930524	764921620482	771550877623	107052822897	684800168562	39521574419	458169754072	2834331808	968730065964	502260702487	698125347345	12426335599	683277479252	754096717328	652385475581	106687264813	10405838024	33554432	16777216	0	16777216	33554432	33554432	0	16777216	0	0	16777216	0	16777216	0	16777216	33554432	33554432	0	0	16777216	33554432	0	16777216	0	0	33554432	33554432	16777216	16777216	16777216	33554432	0	179761024793	179761024793	638862612558	469785121949	686493335425	638862612558	796841053352	613317164394	632772046800	98438816608	559904006669	393805303088	97941650513	423648583353	503156667093	239569348697	239569348697	1027227217618	674358062313	674358062313	97941650513	525752858639	229240520294	712372801564	145132430664	41916532621	549585024507	351405113735	953563155867	417156063750	890731568293	830274109703	330167718864	103624979033	115402957822	199791160067	905484762496	549368948241	289757644278	574239139720	278235778812	995079106254	958495469536	98963539328	348709436788	528378739957	790641827245	348709436788	30174649878	758797570122	107870048859	775744457541	624108764831	564032461044	383015348858	540047566984	540047566984	111851768275	350522394	296003360907	72089986078	320800339269	1066008829596	933069954427	749046608822	117091041980	117091041980	969514930524	764921620482	771550877623	107052822897	684800168562	39521574419	458169754072	2834331808	2834331808	502260702487	548137513830	12426335599	12426335599	12426335599	652385475581	33426918177	3260324433
379555750781	631140979714	1075087033144	371581355832	768405848360	87067514576	178879411534	539456780666	1096407909231	760843990675	1093692303409	779064549857	101626031903	826353162374	582592026113	1097005099288	201138115341	914686432386	309992386693	189414220296	98241903891	967130156766	266355767712	1061184844319	665946796022	799552569181	912785760022	499207941814	679282330316	896754085765	533301277475	789695415755	727719895760	286111652352	1098207849466	351131822827	161768897531	553027209064	672407146096	561213270955	265552826756	339754246465	64937020970	955242329070	20254222531	351749031343	608931183692	4725916768	772678774552	663602185551	186144143676	1021477338606	901916252632	275853156139	119972699174	575122034646	387087958010	434443762713	430011674360	838653821519	570316493319	131222987044	847170613702	347806257157	1029881544980	387310705643	856837709179	801122404474	577200756986	66240787345	865224789754	1090297851641	182810697798	415861359456	645759271790	482095355207	67658296601	644878395531	384207899274	267326668808	13580220143	262293661338	957803346775	243252403726	0	0	0	0	0	0	0	0	0	0	0	0	0	0	0	0	0	0	0	0	0	0	0	0	0	0	0	0	0	0	0	0	379555750781	379555750781	1075087033144	371581355832	768405848360	87067514576	178879411534	539456780666	1096407909231	308540275567	1093692303409	779064549857	101626031903	826353162374	582592026113	582592026113	201138115341	914686432386	112006031571	112006031571	98241903891	967130156766	266355767712	1061184844319	607659540081	324237521816	912785760022	499207941814	679282330316	679282330316	533301277475	789695415755	486273173068	67229834164	802680400814	351131822827	161768897531	553027209064	553027209064	561213270955	107687966717	339754246465	64937020970	43156588624	20254222531	351749031343	351749031343	4725916768	181562216878	663602185551	186144143676	1021477338606	901916252632	275853156139	102084559929	575122034646	387087958010	102084559929	174379928251	453525304237	134011610335	131222987044	131222987044	347806257157	105030422377	263626483177	201337682757	801122404474	577200756986	66240787345	66240787345	268137339663	182810697798	415861359456	415861359456	21780432345	6679885831	23514052203	23514052203	1384951759	1384951759	262293661338	136222652545	24807612906
498586371953	567181388543	571534015528	489645328534	642040379480	96998988200	536181282465	45690391302	609582507620	199682995422	275370053962	598550276668	614123964994	737529930290	3777038747	99632700358	291973725617	980704977096	41340532554	330137797683	251182351653	141530525762	561349964644	20738967333	723900652844	378823735774	707957852719	259670180897	854458406224	407283598405	28554810120	41351053461	776507165813	1033704102412	99959114875	340925281792	654855693567	718752784171	554108106816	93392399639	521116519153	258715585328	491004773503	651558101151	163078800565	425213832251	907353092636	1029810325933	395881644157	380310425232	782700007195	345131660443	392340439883	46745153719	531680249431	168486912311	922224618357	10584639732	260860831015	135332710570	627399882131	936725091649	858547647497	297933579759	650378026279	1064458413143	1002945211025	903171983767	731816029561	485261592612	656501760835	850944892229	764613501945	460189565788	70047054684	883198300152	1082734888758	431035778507	716134192756	176308628902	901847178998	423455740585	1088113013773	930035805898	33554432	16777216	0	16777216	0	0	33554432	16777216	16777216	0	33554432	16777216	16777216	33554432	16777216	33554432	0	0	16777216	16777216	0	33554432	16777216	16777216	33554432	33554432	16777216	16777216	16777216	0	0	33554432	498586371953	567181388543	571534015528	489645328534	642040379480	96998988200	489645328534	45690391302	609582507620	199682995422	275370053962	275370053962	614123964994	737529930290	3777038747	3777038747	3777038747	980704977096	41340532554	41340532554	251182351653	141530525762	561349964644	20738967333	723900652844	137729015445	707957852719	259670180897	854458406224	407283598405	28554810120	41351053461	776507165813	375823991060	99959114875	340925281792	654855693567	718752784171	554108106816	93392399639	521116519153	258715585328	491004773503	236887098939	163078800565	425213832251	907353092636	907353092636	321127485899	380310425232	782700007195	345131660443	392340439883	46745153719	450333728	168486912311	922224618357	450333728	94841220417	135332710570	3777038747	936725091649	858547647497	297933579759	650378026279	364640975248	364640975248	903171983767	731816029561	485261592612	485261592612	850944892229	194024693959	460189565788	70047054684	70047054684	75328316377	75328316377	75328316377	75328316377	75328316377	423455740585	46294819990	77682819285
148286267389	1073852252208	259095202742	467010786258	566025883789	468922717725	777956683390	333660146012	808402725633	454264817294	894267278865	521093667049	59882213592	985117706820	91491971071	899185984095	526197284694	331472884748	487771883032	97585635891	1059650962370	515031400279	1069245726696	921833535271	357288855229	267705877351	284678162048	605186042529	420581921691	184491292597	330913565101	316640420766	889555848042	337043305978	470396938263	210022451127	516294454669	782167920756	481589317395	965886244924	382861513679	763753039692	12499762912	1054777200878	406544678480	983991321307	684337938828	879918301518	793175833570	559025492027	468401858315	1066999088330	310624123312	910256088840	899021430642	791364175271	109964620822	161083749791	1018310581250	77742074343	303419955077	1017842679695	597837452575	34861131277	1079500371634	167772654266	741299589235	863740601723	647308719016	121036674362	141822539008	371724874444	20264517422	461898491535	652967374217	5053516745	704371996920	934437913702	1081658584576	558294159920	848314638185	1044932381624	915166390717	329110613237	0	0	0	0	0	0	0	0	0	0	0	0	0	0	0	0	0	0	0	0	0	0	0	0	0	0	0	0	0	0	0	0	148286267389	148286267389	259095202742	467010786258	566025883789	259095202742	467010786258	333660146012	808402725633	159398877308	894267278865	521093667049	59882213592	985117706820	91491971071	91491971071	91491971071	331472884748	97585635891	97585635891	59882213592	515031400279	515031400279	921833535271	357288855229	93936432393	284678162048	284678162048	420581921691	184491292597	330913565101	316640420766	195289691203	26942314072	233887248857	210022451127	210022451127	782167920756	481589317395	965886244924	134343874149	763753039692	12499762912	12440161166	406544678480	983991321307	684337938828	406544678480	63404292693	559025492027	468401858315	1066999088330	310624123312	310624123312	12876591529	791364175271	109964620822	12876591529	357319249087	77742074343	24254555959	1017842679695	597837452575	34861131277	34861131277	167772654266	108474138033	863740601723	647308719016	121036674362	121036674362	249351068646	20264517422	461898491535	461898491535	59601745	501902208133	67811936948	67811936948	67811936948	67811936948	1044932381624	14860726104	5344189571
683974025435	558444008815	227070848581	309112870648	471078596998	934428417645	342035064968	54473706823	256232195015	363129677993	98710903663	104581287415	636265660366	71483128240	183017350941	725122726347	794638066616	928244897137	204987965796	971452582385	470192333096	389167512945	1013633002647	1055673728410	738808597614	460870461482	524357768064	249952417579	561119894730	155120079857	844773869386	1046470420051	651023835271	145137565569	732254399213	80912067874	279099726150	497707109876	327776355159	153692092966	546851921977	661527404294	420466317178	1043044762103	256418320592	988841779176	799646212039	909710035406	737812916525	403687821274	372821805346	14311614658	377810317214	988538001217	241025472535	232537403287	730522194446	991572583122	261773081657	1059174309847	289347182557	818019663523	710054561278	646701188497	804766633496	2430364939	397397279250	867962717752	15586562710	691420718991	273549847453	802562263379	811816622823	929835471518	740741678551	189597180434	129363197449	972110870880	297086259366	584850748879	440126207973	725440339294	328730196929	568219205006	0	33554432	16777216	16777216	33554432	0	33554432	16777216	0	16777216	0	0	0	33554432	16777216	0	0	33554432	16777216	33554432	33554432	0	0	0	16777216	33554432	33554432	33554432	33554432	16777216	0	0	683974025435	558444008815	227070848581	309112870648	471078596998	934428417645	309112870648	54473706823	256232195015	39252455506	98710903663	98710903663	636265660366	71483128240	183017350941	725122726347	725122726347	928244897137	204987965796	204987965796	470192333096	389167512945	1013633002647	1055673728410	738808597614	49817732837	524357768064	249952417579	561119894730	155120079857	844773869386	1046470420051	651023835271	77904463261	732254399213	80912067874	279099726150	497707109876	327776355159	153692092966	59111887672	661527404294	295517729439	250063063054	256418320592	988841779176	799646212039	256418320592	79753791643	403687821274	372821805346	14311614658	377810317214	377810317214	241025472535	232537403287	232537403287	232537403287	28296327354	1059174309847	155310838134	818019663523	710054561278	646701188497	468310437009	2430364939	2430364939	867962717752	15586562710	691420718991	273549847453	260492335910	260492335910	929835471518	740741678551	45454666384	105517338943	972110870880	297086259366	105517338943	105517338943	725440339294	78810884201	136226785324
461739134102	653807948512	324279343569	271408759426	866532640302	831175117115	401185578213	1039798897274	49082163964	1040725865340	53232346007	339373494130	614587335467	346978138563	201580805344	1026016136698	418353039511	203496909920	39767923350	980143417385	340108571805	844090496086	1003008948685	657598168889	847042303592	540963385520	944650581370	881555833014	325641473436	274484113904	270633310235	716088898873	406640246182	954025027272	694673257621	239859737131	864782193954	733348404319	705667739824	570380887270	165942486011	304757869114	559598844454	376934497491	875439110678	755243398836	369739952701	929897568351	226609526246	95276823643	446684964243	708494089497	27524281947	794898563004	397342579179	930106957355	615692458975	597766573289	410544828525	1061573366631	149438170222	552726864003	443137481755	33827661727	92576423284	459986510727	475194412166	639397229396	192683640091	262106256540	1029025588715	927783316010	1047310347940	465585653068	617307453540	332621615270	495093141912	1046141216308	840732787238	267046523791	13417533431	1075048358760	106945099953	1011219478218	0	0	0	0	0	0	0	0	0	0	0	0	0	0	0	0	0	0	0	0	0	0	0	0	0	0	0	0	0	0	0	0	461739134102	461739134102	324279343569	271408759426	866532640302	324279343569	271408759426	866532640302	49082163964	21419563684	53232346007	53232346007	614587335467	346978138563	201580805344	201580805344	201580805344	203496909920	16081425674	16081425674	340108571805	844090496086	844090496086	657598168889	90632605255	11133767376	944650581370	881555833014	325641473436	274484113904	270633310235	716088898873	266730634624	204703413423	187415484245	239859737131	239859737131	733348404319	705667739824	570380887270	3415323636	304757869114	103192116107	54818312083	875439110678	755243398836	369739952701	369739952701	4663934414	95276823643	95276823643	708494089497	27524281947	27524281947	23347272830	930106957355	615692458975	23347272830	8449574852	566965563633	32064676151	552726864003	443137481755	33827661727	33827661727	459986510727	426010991418	639397229396	192683640091	192683640091	192683640091	199614415201	199614415201	465585653068	465585653068	48373804024	1951337805	1951337805	1951337805	1951337805	1951337805	1075048358760	4177009116	147063602060
757763373253	199053317622	1022869922929	1001128170899	591837282546	838238658340	466181005887	619139121661	875337497265	763844366333	210433936766	1007854271259	666029182721	976394163210	1006167685056	62559071361	438989838772	829501746141	1027863325959	210601424309	427202320246	249453107447	1090824311409	486797856489	243749436565	951634494860	53181258787	246830633190	650016214565	999144641060	790991867613	1057998540749	162100915742	618196838241	733537667896	554978021647	766623887937	191462340733	456614810251	674605124458	1084847092892	1045585027529	1056603237760	550110283879	544196562442	404396393975	623549291082	5242701643	1019846304929	75256035305	124623071736	905256015806	280573420661	872689919117	818824393789	643173646390	408672058196	364609461185	1001465518660	359098299928	582985090354	649819141166	200440894419	554984492143	463105172128	664308938444	956473654431	662254847433	123389954933	624165604193	728969179869	32061655988	487966340225	381907476425	491382657320	23699066736	354714722633	256154209737	415546905976	637331530374	899000660420	1021065977124	776961930959	983814312490	0	0	16777216	33554432	0	0	0	0	16777216	0	0	16777216	16777216	0	0	0	16777216	16777216	0	0	0	16777216	33554432	0	16777216	16777216	33554432	16777216	0	16777216	0	16777216	757763373253	199053317622	1022869922929	1001128170899	591837282546	838238658340	466181005887	591837282546	875337497265	763844366333	210433936766	210433936766	666029182721	976394163210	1006167685056	62559071361	62559071361	829501746141	1027863325959	210601424309	427202320246	249453107447	249453107447	486797856489	243749436565	116248772620	53181258787	53181258787	650016214565	999144641060	790991867613	1057998540749	162100915742	28757725587	733537667896	554978021647	766623887937	191462340733	191462340733	674605124458	506835931439	1045585027529	971703011591	67199797456	544196562442	404396393975	623549291082	5242701643	47441944643	75256035305	75256035305	905256015806	280573420661	872689919117	575219790131	643173646390	408672058196	16961165413	122335978776	167769193018	27119720148	649819141166	200440894419	554984492143	140944349282	116839909621	116839909621	662254847433	123389954933	624165604193	624165604193	32061655988	32061655988	381907476425	491382657320	425800973	41820359949	256154209737	256154209737	41820359949	41820359949	1021065977124	13959669827	17676185186
410765725328	384359934671	363891094460	749886659054	864706561517	1017572469479	825608242121	116342538477	534435197540	467755242271	440872299234	200398480808	430356558203	898916663452	1053490339964	890848254677	370164859734	271206812729	357112386539	131598043978	1086680384099	409875625020	5842536687	551070027553	498374382832	195373023762	429103592069	458625105465	207723200290	990432648186	770284048901	756926304233	1031935224347	341999147850	902039268023	695979027562	1038636681057	542923149370	642585185006	523559633458	406733444004	515054052015	730913723243	782974330759	886313375426	1033167437374	61091534627	873258644790	153172537556	1086505571224	849297658521	811998846076	767451558673	515327042949	83839605555	568594005621	828495457605	952866383133	240951503301	278418001371	238120154920	792595723013	732185905197	1008789442388	51968189207	556501838542	319422672137	130904453624	330721950631	925266966403	198400987155	814124960852	280814001461	164328022442	1011921509708	135094376840	619567201051	901030926147	156264634330	860661181957	832022507890	284530092219	884017346699	850924732886	0	0	0	0	0	0	0	0	0	0	0	0	0	0	0	0	0	0	0	0	0	0	0	0	0	0	0	0	0	0	0	0	410765725328	384359934671	363891094460	749886659054	864706561517	363891094460	749886659054	116342538477	534435197540	196045455646	440872299234	200398480808	430356558203	898916663452	1053490339964	890848254677	370164859734	271206812729	0	0	430356558203	409875625020	5842536687	551070027553	484885121929	46443638972	429103592069	429103592069	207723200290	207723200290	770284048901	756926304233	533531866163	81299273798	271206812729	695979027562	695979027562	542923149370	542923149370	523559633458	170470015406	515054052015	130618323642	111397756717	886313375426	1033167437374	61091534627	61091534627	64197634155	1086505571224	849297658521	811998846076	767451558673	515327042949	83839605555	568594005621	568594005621	83839605555	57278453358	66184905623	185819261286	792595723013	732185905197	1008789442388	51968189207	75932444401	75932444401	130904453624	330721950631	330721950631	130904453624	266059637003	266059637003	164328022442	164328022442	19220566925	118376091368	118376091368	118376091368	118376091368	118376091368	284530092219	125773662625	121065407453
79853600692	452572373641	158179817850	149604239115	795619464423	255533152549	985123117622	491241451631	19599220024	191440953083	666343125940	986725612230	844354259939	152146141230	593772988090	1061988917628	1051309214491	698046529879	803651154589	1026725115088	737553516199	549738897993	144042258278	413881088599	312518011788	633723539415	875253556868	143401834419	401071379906	798107415053	455087571565	596425575059	462074216873	299484880125	290485891469	367619044078	334449865908	977754241414	628011913665	326747555655	872674603174	133148199035	134856646051	811239524595	213982725825	547991566453	903772460393	182794017471	388802440696	201805251940	64101195580	385705177550	84239150006	403155881274	21050406386	500634916843	968050346579	86191416867	870886988682	236403367671	500532590717	711639332388	529001993410	11934253856	554689314465	1032272129268	510143064827	883443081319	600423212329	56316156250	303543802605	204680349559	942988545826	749797205238	240437751246	680605861759	1031018300314	225240734195	945904079318	1094354632704	650702217303	220927473443	554406662756	814660742357	16777216	0	0	0	16777216	16777216	0	0	33554432	33554432	33554432	16777216	33554432	33554432	16777216	33554432	33554432	0	16777216	0	0	16777216	16777216	16777216	33554432	0	16777216	0	33554432	16777216	0	16777216	79853600692	452572373641	158179817850	149604239115	795619464423	255533152549	985123117622	491241451631	19599220024	191440953083	666343125940	666343125940	844354259939	152146141230	593772988090	152146141230	152146141230	698046529879	803651154589	803651154589	737553516199	549738897993	144042258278	413881088599	312518011788	81910689344	875253556868	143401834419	401071379906	798107415053	455087571565	596425575059	286877101659	38709328995	290485891469	367619044078	334449865908	977754241414	628011913665	326747555655	872674603174	133148199035	134856646051	73332694146	213982725825	547991566453	547991566453	182794017471	66123181154	201805251940	64101195580	385705177550	84239150006	403155881274	12814358085	500634916843	968050346579	12814358085	112564784401	101363076811	85124998471	711639332388	529001993410	11934253856	359711838598	65937538225	65937538225	883443081319	600423212329	56316156250	56316156250	204680349559	204680349559	749797205238	240437751246	61523951904	84105234952	84105234952	84105234952	84105234952	84105234952	220927473443	57971477795	85184919858
57326451285	747147094786	527993139955	505665087117	28989076012	224649609116	909191803807	1077346324862	637649712362	863020650523	46854660515	1058786274878	577136921996	364149190203	1075897184445	86599870873	409179673050	557144149866	407163846848	382546791021	231111520423	436253508365	654850954419	418413220215	602724216950	652045665521	628296826858	775992422805	58422552997	522071414934	717280890001	109818409641	746003958136	165234052032	104321441394	100144383094	733515677141	711497347066	791976548639	747048161766	391967304198	675294063169	1056659301221	847892303300	577965545795	996584272082	1059799736756	975690701934	197319022361	1041546646468	804420056707	54841479498	1023125510163	210369831400	541610766929	723761958215	417988166173	403672187772	698279160994	316249720214	381758617590	324624633461	962477154684	941830685518	755230175488	787914880613	26359617250	484839541945	371258196121	234234429774	1051324938445	564153608947	998106203713	1074407246725	625494343843	914248836424	106138516275	284989296726	279681403080	908757165099	68313261353	237741448233	303647938746	529591219974	0	0	0	0	0	0	0	0	0	0	0	0	0	0	0	0	0	0	0	0	0	0	0	0	0	0	0	0	0	0	0	0	57326451285	57326451285	527993139955	505665087117	28989076012	224649609116	505665087117	28989076012	637649712362	203690391567	46854660515	46854660515	577136921996	364149190203	1075897184445	86599870873	86599870873	557144149866	407163846848	382546791021	231111520423	436253508365	436253508365	418413220215	279258046778	153896012626	628296826858	628296826858	58422552997	58422552997	717280890001	109818409641	97103604643	19044894817	104321441394	100144383094	100144383094	711497347066	711497347066	747048161766	92512240148	675294063169	549356664720	373086813929	577965545795	996584272082	996584272082	577965545795	22743011988	1041546646468	804420056707	54841479498	1023125510163	210369831400	9676592645	723761958215	417988166173	9676592645	164808056030	139155173436	44001539804	324624633461	324624633461	941830685518	310292018329	3038212352	3038212352	484839541945	371258196121	234234429774	234234429774	124299833061	41889756078	1074407246725	625494343843	21915836251	1637565386	1637565386	1637565386	1637565386	1637565386	237741448233	7278870082	12695049744
818568229652	989730820950	330233737769	1090596765944	510432956953	866306161232	48726058963	518078150643	1055566692873	100214236890	566536773901	84720355231	1056598891302	118215241557	314207959963	162939853945	27898221816	669331266912	339924251216	928870018765	816156749198	780028464556	851397221430	401592106224	996298361446	531513577697	839981257347	324517494510	79332622382	904506172	880761959904	476055590696	827138302063	451305418048	1089464504471	889997301513	340597048015	616725068085	900792412927	611360249841	95449326718	502224994039	441374841035	827148630221	237726761744	943335127757	19998387481	836151230915	321387456827	623452429727	874120554678	541811782616	522802180220	810321268220	251979316218	800341868092	941060652386	376129592087	391213578347	323216367171	239805239214	1019715011384	381435604778	320541528235	1047461412488	952028428785	136630216662	784414099967	457300771027	876221601305	656567926543	747178952275	705026557676	772181141799	154458276623	674137262205	416356935714	727963304773	395842139190	714896520257	893770762800	606120256025	374659160650	820060535503	16777216	0	33554432	16777216	16777216	16777216	16777216	33554432	16777216	0	0	33554432	33554432	16777216	16777216	16777216	0	33554432	33554432	33554432	33554432	0	0	0	0	33554432	0	0	33554432	16777216	33554432	33554432	818568229652	989730820950	330233737769	1090596765944	510432956953	330233737769	48726058963	510432956953	1055566692873	88957305194	566536773901	84720355231	1056598891302	118215241557	314207959963	162939853945	27898221816	669331266912	98369387047	98369387047	816156749198	780028464556	851397221430	401592106224	996298361446	471809365747	839981257347	324517494510	79332622382	904506172	880761959904	476055590696	375855617631	88190981353	570961879864	889997301513	340597048015	616725068085	900792412927	611360249841	84727631032	502224994039	441374841035	286916564412	237726761744	943335127757	19998387481	19998387481	62803312521	623452429727	874120554678	541811782616	522802180220	810321268220	73500641728	800341868092	941060652386	73500641728	347269078377	323216367171	27898221816	1019715011384	381435604778	320541528235	144692765020	530047132772	26699331335	784414099967	457300771027	457300771027	457300771027	747178952275	705026557676	772181141799	154458276623	154458276623	416356935714	727963304773	395842139190	123462460212	123462460212	606120256025	374659160650	113280379545
900419036026	696192697133	447490845031	140808536465	966410645647	480245596805	948103751195	131964690567	80457822859	431824491214	614398121719	641281602378	569078161989	847450662452	402176129393	916783849580	87806585159	400632590944	107338108624	110685992228	368796129825	688798851662	749116197067	1040598981241	699344741022	120327944241	958172603722	310731213745	587049980521	691486342159	206149525047	869122351869	854993327543	109929876740	1086366428790	457094034956	436905185247	73726791268	385614562784	945715766681	36824200841	378289068846	737929124806	699317797346	482117613280	364052428075	237404633923	327749214925	52691094704	633545220072	5573416267	880205955342	938482206985	707332841925	237588992861	966940241410	361984163317	333347313568	662455901473	530199357783	909845540336	676258112830	263657132521	181358772833	218966134198	225549772809	966353374887	935285655192	597788349071	368390145138	589647997766	608354259607	150560931864	528350627921	336560361294	136957916493	414941433975	1010816420560	184642129469	521339090234	175964338646	794733763844	369245708187	213069985526	0	0	0	0	0	0	0	0	0	0	0	0	0	0	0	0	0	0	0	0	0	0	0	0	0	0	0	0	0	0	0	0	900419036026	696192697133	447490845031	140808536465	966410645647	447490845031	140808536465	131964690567	80457822859	26641383957	614398121719	614398121719	569078161989	847450662452	402176129393	402176129393	87806585159	400632590944	0	0	368796129825	688798851662	688798851662	1040598981241	510399623458	7423624709	958172603722	310731213745	587049980521	587049980521	206149525047	869122351869	164442897759	13027652171	400632590944	457094034956	436905185247	73726791268	73726791268	945715766681	2271866680	378289068846	206874823338	178206301039	482117613280	364052428075	237404633923	237404633923	3250773667	633545220072	5573416267	880205955342	938482206985	707332841925	237588992861	966940241410	361984163317	39504573117	40870173843	530199357783	87806585159	676258112830	263657132521	181358772833	181358772833	225549772809	225549772809	935285655192	597788349071	368390145138	368390145138	150560931864	150560931864	528350627921	336560361294	28668522299	20853313643	20853313643	20853313643	20853313643	20853313643	794733763844	77291835989	44600573575
770861799010	576976145312	469061957144	979194619792	975566988987	904607639780	1045554244202	569630736866	610359404815	913499962305	1061190391593	334312724226	5447901370	354356431624	965863924253	310754778967	659975484719	528049767928	947380488932	754750624939	1004484342354	268237471894	477199193545	11274190371	739382921609	848525208657	322951627987	805751468186	556923519883	326509362033	98155407092	953206175319	269742011501	102323791350	501593528227	591744881272	263875361789	896925220754	918361220591	641805362975	776012280149	1033208559036	142652560716	131453196514	774812904403	507212754333	1020691119929	127375779529	608126575109	310413043048	1007231221163	535911970742	538385528390	533175654489	143392337997	418989485029	271665737927	315323737848	728017232956	1076053979923	504854197348	732668555686	597589732658	320281731155	436325358649	131037596632	342352613282	894054661979	449242457718	264304237648	48889794995	1007081907279	431717415822	321271707689	531032176182	767995610577	350582359423	641606137787	162446511929	539259787461	807454796753	563781809940	113016059326	248324769849	16777216	16777216	16777216	16777216	0	33554432	16777216	16777216	16777216	33554432	0	16777216	16777216	33554432	0	16777216	16777216	16777216	33554432	0	33554432	16777216	16777216	16777216	16777216	33554432	0	33554432	16777216	16777216	16777216	16777216	770861799010	576976145312	469061957144	979194619792	975566988987	904607639780	1045554244202	569630736866	610359404815	913499962305	1061190391593	334312724226	5447901370	354356431624	965863924253	310754778967	310754778967	528049767928	947380488932	754750624939	1004484342354	268237471894	268237471894	11274190371	739382921609	404080988667	322951627987	805751468186	556923519883	326509362033	98155407092	953206175319	269742011501	11804980465	501593528227	591744881272	263875361789	896925220754	918361220591	641805362975	776012280149	1033208559036	142652560716	20848474031	774812904403	507212754333	1020691119929	127375779529	70158877470	310413043048	310413043048	535911970742	538385528390	533175654489	143392337997	418989485029	271665737927	36378544192	346693203994	1076053979923	58244459660	732668555686	597589732658	320281731155	321474562199	131037596632	131037596632	894054661979	449242457718	264304237648	48889794995	1007081907279	431717415822	321271707689	531032176182	121804086684	350582359423	641606137787	162446511929	93155149712	93155149712	563781809940	113016059326	182960020746
14271813743	237265006902	40598247375	246453167957	879627884988	665506503894	938894203497	72288721840	1069953336006	511018007142	607963789147	356839792515	474213107624	336541475306	340284596903	461507450990	291481606357	968989981871	693947198408	795368697244	996713612086	50806261701	908595754072	773200439315	18854265261	384455524644	512571330341	84930413371	826950785757	597245767663	690856568910	969014205470	920114816803	26354480252	821887557823	969030717083	93274591618	115080022520	436820708492	741049378644	1038116929320	457163566106	29599464344	1069705137708	32527905850	83992585946	512098667118	973999267686	668536917782	54168839020	903676284377	681246649124	769594488028	817494244370	747220351885	471842576403	406442314624	947138632529	868339721380	1039667251002	819140612403	499140765746	982936807199	415345821787	54779417362	402288135953	823538139106	493697565361	955547899989	825012801999	601671543783	168126533449	556617712254	446008553304	533814363087	346222444279	400774255982	1046525484875	913980949886	836751260144	62995523699	555895436908	118865738651	961734547067	0	0	0	0	0	0	0	0	0	0	0	0	0	0	0	0	0	0	0	0	0	0	0	0	0	0	0	0	0	0	0	0	14271813743	14271813743	40598247375	246453167957	879627884988	40598247375	246453167957	72288721840	1069953336006	484732696992	607963789147	356839792515	474213107624	336541475306	340284596903	336541475306	291481606357	968989981871	515216326109	515216326109	474213107624	50806261701	50806261701	773200439315	18854265261	8396543258	512571330341	84930413371	826950785757	597245767663	690856568910	969014205470	685232915841	575584220	453773655761	969030717083	93274591618	115080022520	115080022520	741049378644	370248225353	457163566106	29599464344	22361806836	32527905850	83992585946	83992585946	32527905850	187611252736	54168839020	54168839020	681246649124	769594488028	769594488028	265795142553	471842576403	406442314624	265795142553	18964617664	370801153290	229875108423	499140765746	499140765746	415345821787	54779417362	17986147075	17986147075	493697565361	955547899989	825012801999	493697565361	168126533449	168126533449	446008553304	446008553304	7237657507	244513146587	2811826534	2811826534	1375827907	1375827907	555895436908	17697732762	143191143178
920051009506	260491529977	854502441273	544234557306	660751407220	25778355685	155346544026	540128643923	16480856240	963621235399	605340563495	16819427055	20815478043	756868621897	536804657855	165156358095	299215613907	643674012233	866926405374	1041092318756	861316975449	1050956632424	328701648353	275263014768	863368500096	1074783841193	234669484066	781529926573	675060954836	981371462747	810447552344	602866481190	632484690758	399112768295	404028718456	616249532880	649080623923	631090815786	7013763172	1076324738120	558277285587	756426503540	907219016149	1086756480638	179870745270	938154401959	419564270564	692302347062	526528578503	874817319539	667289350025	570757109310	533319726608	176191135229	392341246472	234852678530	589543112833	99131764415	217491564985	368348631446	877231371499	19381765980	892885344673	1047313254088	334103564187	747250373435	997330850016	545281369771	360191486343	179398900400	287944529459	1037421265446	1047707841831	31864741583	313535996740	51653168647	12832307358	870343553108	535072680909	505752665941	237059532047	422452789848	896997192132	278472883529	16777216	33554432	33554432	16777216	0	33554432	16777216	33554432	33554432	16777216	33554432	0	33554432	0	0	33554432	0	0	33554432	33554432	16777216	0	33554432	33554432	33554432	33554432	33554432	0	16777216	16777216	16777216	33554432	920051009506	260491529977	854502441273	544234557306	660751407220	25778355685	155346544026	540128643923	16480856240	963621235399	605340563495	16819427055	20815478043	756868621897	536804657855	165156358095	165156358095	643674012233	866926405374	866926405374	861316975449	1050956632424	328701648353	275263014768	863368500096	335699642285	234669484066	781529926573	675060954836	981371462747	810447552344	602866481190	632484690758	124659497484	404028718456	616249532880	616249532880	631090815786	7013763172	1076324738120	558277285587	756426503540	907219016149	339439194951	179870745270	938154401959	419564270564	419564270564	312302514784	874817319539	667289350025	570757109310	533319726608	176191135229	17534013035	234852678530	589543112833	17534013035	67931650781	368348631446	165156358095	19381765980	892885344673	1047313254088	334103564187	311507855587	311507855587	545281369771	360191486343	179398900400	179398900400	1037421265446	1037421265446	31864741583	31864741583	31864741583	12832307358	870343553108	535072680909	12832307358	12832307358	422452789848	158657122193	278472883529
46914024285	395406278275	211121433209	287850910425	841147899418	382535559410	488081507059	260541349371	574483553155	737676541173	5669646994	912185817133	399532129516	606583440264	261548140142	376702048674	437363168524	417281008084	934256805481	290092751604	216482193143	1026216480490	425354537128	772921039794	821158311009	958429146949	497932684453	622754772050	1036268751925	877248710375	256975210918	158753300206	265662855084	627659435673	704812522444	285459433236	457906078888	800444196771	768436868166	171721655245	548692364182	353498148316	860342095960	635164363551	1012280838322	652445683226	203381239939	758719850010	472128253101	1067710776019	8523905882	385686798431	743992811860	214954924245	115175035990	1063805757493	45725108511	630176625493	58284412736	212974389777	676950052386	987147438982	523220684890	267563878361	1001141896663	1046528915032	402257565699	999119449639	603662516589	397759841876	573563912148	141005823730	789770667868	513235290259	517561120860	664060853540	1061245514423	640556013417	539354769508	113281627962	364410813824	344751491816	291212302566	984097529007	0	0	0	0	0	0	0	0	0	0	0	0	0	0	0	0	0	0	0	0	0	0	0	0	0	0	0	0	0	0	0	0	46914024285	46914024285	211121433209	287850910425	841147899418	211121433209	287850910425	260541349371	574483553155	181255416985	5669646994	5669646994	399532129516	606583440264	261548140142	261548140142	261548140142	417281008084	48543298154	48543298154	216482193143	1026216480490	425354537128	772921039794	724904877151	235496813285	497932684453	497932684453	1036268751925	877248710375	256975210918	158753300206	115663735624	26195928049	368737709929	285459433236	285459433236	800444196771	768436868166	171721655245	123705492602	353498148316	197283313270	149001441022	1012280838322	652445683226	203381239939	203381239939	19704695007	1067710776019	8523905882	385686798431	743992811860	214954924245	26300985218	1063805757493	45725108511	26300985218	14321135273	48016162642	28253116033	987147438982	523220684890	267563878361	267563878361	710035085333	16788579362	999119449639	603662516589	397759841876	397759841876	141005823730	141005823730	513235290259	513235290259	48281872248	15209011315	70655737646	70655737646	15209011315	15209011315	344751491816	21173172781	71550778700
31181409098	92285913835	572244063127	705529603801	1077124504210	803127746687	368943385947	712497893788	1061660607763	857942745760	993624917964	806589485999	1065200670540	295355639902	1053882746370	570984933653	375778041930	1082876072389	563015968913	620575127848	1003186732631	51047946059	671197203602	161123424324	71732510281	532834117699	775483123210	647961143289	746250375667	113636402035	323661953157	40283379102	13926345849	901884870479	563731119366	277165205354	242094391502	349598114131	761462206950	502550710956	313513099846	600211594923	1004820112750	1013321903604	913944534724	349161812263	547806501467	664688315094	931265329397	341575093625	519679990901	1032388724304	341683912953	536125315433	151651282291	943814833900	968584669423	150877506324	619973371250	296577476592	994071102257	680108948647	405852943547	814870300314	53050277802	1047532982369	376676175294	139715621360	183726048020	832019402355	417620901716	566227416136	656221670907	15381040214	138724534272	1055835722258	101883808206	150952838180	157676485965	367846555455	1052567302027	671047546632	528106880258	945854135201	33554432	33554432	0	33554432	16777216	33554432	16777216	33554432	33554432	0	0	0	16777216	0	33554432	0	16777216	0	0	0	0	16777216	0	33554432	0	0	0	33554432	0	33554432	33554432	16777216	31181409098	31181409098	572244063127	705529603801	1077124504210	572244063127	368943385947	712497893788	1061660607763	747590097460	993624917964	806589485999	1065200670540	295355639902	1053882746370	295355639902	295355639902	1082876072389	545284166505	545284166505	1003186732631	51047946059	51047946059	161123424324	71732510281	24313098156	775483123210	647961143289	746250375667	113636402035	323661953157	40283379102	13926345849	3116100485	537591905883	277165205354	242094391502	349598114131	761462206950	502550710956	258250557059	600211594923	184962179513	46237645241	913944534724	349161812263	349161812263	349161812263	3217612845	341575093625	519679990901	1032388724304	341683912953	536125315433	151651282291	943814833900	968584669423	521296549	28289242240	244300153896	3434612937	680108948647	405852943547	814870300314	53050277802	17187647185	17187647185	139715621360	183726048020	183726048020	183726048020	411612692378	411612692378	15381040214	138724534272	138724534272	3636723031	150952838180	150952838180	3636723031	3636723031	671047546632	97773355146	175114802959
529376381080	705646951016	40857326331	422567482650	226923748976	842786976058	1001985010361	775786759741	1006144762548	862995182339	431044799376	1079429185827	817623695179	685725100622	875136313452	761929783165	479227613748	467558355152	796701742411	180118662372	922599489334	263250521355	614271956475	571029456191	152528493706	405098221491	653413027205	122043708389	818379897010	1007371895703	307162272029	729666655940	942623773023	1063684822165	957457542982	153182278411	631104963966	296714065249	29557327513	891577181823	795910103789	252407314357	285194695167	520642187589	219538867921	692667605243	728257865591	1089341438428	1049457392826	864485655035	287342206114	687962893648	900523037670	1008071967802	517926173833	840793956445	506603481898	839210090091	794345999349	473304745606	104354575409	954773887886	681994948928	97944858969	517614880389	945019013047	770336577408	220130268203	236359322672	889035307174	541434039114	660944562013	738796163650	163293190466	233403503601	728289223677	576551967120	590757138132	974477214208	797731699818	747172969092	675178729661	281533863406	1085150000184	0	0	0	0	0	0	0	0	0	0	0	0	0	0	0	0	0	0	0	0	0	0	0	0	0	0	0	0	0	0	0	0	529376381080	529376381080	40857326331	422567482650	226923748976	40857326331	422567482650	226923748976	1006144762548	403626048483	431044799376	431044799376	817623695179	685725100622	875136313452	685725100622	479227613748	467558355152	0	0	817623695179	263250521355	263250521355	571029456191	152528493706	57221909141	653413027205	122043708389	818379897010	818379897010	307162272029	729666655940	220528234153	61666652156	467558355152	153182278411	153182278411	296714065249	29557327513	891577181823	372250108360	252407314357	78094167418	32555124961	219538867921	692667605243	692667605243	219538867921	60841823299	864485655035	287342206114	687962893648	900523037670	900523037670	400324985186	840793956445	506603481898	48652829892	112204873263	418500962485	6049909868	954773887886	681994948928	97944858969	97944858969	108813436599	108813436599	220130268203	236359322672	236359322672	220130268203	130996128000	130996128000	163293190466	163293190466	45539042456	43317018937	43317018937	43317018937	43317018937	43317018937	675178729661	17603971254	67853114289
346543645257	1084298393609	694600676544	1013047815828	816045831168	685048716657	532879837553	279699132622	158824331370	300471031945	83014085230	1062790478959	269120346437	371659492031	911916667772	199904183188	191920099802	607894760181	507777817091	567929039121	737733959411	1027637277963	468396404351	421764311637	945976370518	454646802235	1063836039968	670182863941	524952869756	935629305287	756438251244	13940506662	138121278720	498759691732	202845479550	942383880267	950562187076	942434127932	870993832300	73400078119	945824562219	404369874504	360884840713	856874186174	940501813788	663743424293	465267496221	608371724147	849054246940	293463797586	726204618581	366344521971	817437401234	21049530045	1091753298330	206366757209	368700700068	143150568907	978724407623	996921246482	52853001356	571943046198	1025561599301	459811831578	1085513001395	1012812013224	202720725588	85427427825	1062199733632	819306367248	817223449439	784285800307	469608200235	176131437432	606842418343	550397688560	896518311812	605605733940	689947775594	587716869876	905007672562	1082207816162	934534573930	599538107359	16777216	0	0	16777216	16777216	0	0	16777216	33554432	33554432	0	16777216	33554432	0	16777216	0	33554432	0	33554432	33554432	0	16777216	16777216	33554432	33554432	33554432	0	16777216	33554432	0	0	0	346543645257	346543645257	694600676544	1013047815828	816045831168	685048716657	532879837553	279699132622	158824331370	300471031945	83014085230	83014085230	269120346437	371659492031	911916667772	199904183188	191920099802	607894760181	507777817091	507777817091	269120346437	1027637277963	468396404351	421764311637	945976370518	339132004113	1063836039968	670182863941	524952869756	524952869756	756438251244	13940506662	138121278720	29273329946	202845479550	942383880267	950562187076	942434127932	870993832300	73400078119	945824562219	404369874504	183254868549	111582110869	940501813788	663743424293	465267496221	465267496221	49832906558	293463797586	726204618581	366344521971	817437401234	21049530045	2796041330	206366757209	368700700068	2796041330	730054117175	996921246482	3102061720	571943046198	571943046198	459811831578	440754286636	151214273599	151214273599	85427427825	1062199733632	819306367248	817223449439	167998066790	167998066790	176131437432	606842418343	71672757679	53116939163	142433474685	142433474685	53116939163	53116939163	1082207816162	18253488714	78071820397
891979174431	114051799034	369609164295	932381358379	1007476734648	434777051153	141813993546	9596572685	1098269034765	144419325978	153706020729	20703666068	929110032061	157607995173	987598952667	702407404975	476826097280	22009728592	293474615790	700028745176	641576189068	377653064692	487050407422	154209523982	325278010645	1085247713243	799071894338	799829046408	484400837455	689069333087	134145659267	433571177717	1082718336900	998101371755	272748321712	519548628928	101819143587	554392900343	1060046776452	540958613292	596124259183	27762533815	518301250714	293657958397	704972061253	284869928249	1082865142991	797650279625	196484311539	800533360940	518409293583	999002685370	275995342348	25112239093	1060504249817	199105613866	904677151552	569084903111	530171572641	1091409532211	491693792652	637080581441	606492793849	406580421899	960150034513	834689864738	340315835552	821570391712	377791598309	768563114042	299972097036	616111799324	487371605813	465248665104	339038598805	483329418250	472222938021	1012216956	884657727956	754659491605	200535390613	121110377285	560187828697	60246820276	0	0	0	0	0	0	0	0	0	0	0	0	0	0	0	0	0	0	0	0	0	0	0	0	0	0	0	0	0	0	0	0	891979174431	114051799034	369609164295	932381358379	1007476734648	369609164295	141813993546	9596572685	1098269034765	144419325978	153706020729	20703666068	929110032061	157607995173	987598952667	157607995173	157607995173	22009728592	0	0	641576189068	377653064692	377653064692	154209523982	0	169251123581	799071894338	799071894338	484400837455	484400837455	134145659267	433571177717	132121225355	67455046571	22009728592	519548628928	101819143587	554392900343	554392900343	540958613292	386749089310	27762533815	11051252194	4176757891	704972061253	284869928249	284869928249	284869928249	13279070403	800533360940	518409293583	999002685370	275995342348	25112239093	17144571718	199105613866	199105613866	17144571718	82683550737	154209523982	33230319705	637080581441	606492793849	406580421899	406580421899	53074368954	53074368954	821570391712	377791598309	377791598309	299972097036	15699064664	15699064664	465248665104	339038598805	6874494302	1012216956	1012216956	1012216956	1012216956	1012216956	121110377285	7967667374	856902988
1094626510810	628854938291	1090016033542	504890554474	103685212658	1097424451565	303989339045	179096001694	824027458101	371369314056	565202127031	582511597795	175425692448	655414614543	584370320974	271346868425	352422362292	765140557306	740395266544	428244631961	579760955126	284360223133	528330329813	277449545617	844213507134	224375674278	587016770490	754126015703	156745965666	493306133992	309339831946	176599888409	334949682230	998598867309	1056974524054	833875876110	895703978577	913331914562	519588901118	587680333457	223127973146	61350612865	454892229216	59882341587	341372478133	13554372451	158549309816	47164613402	520814414926	183170015599	654324824493	263088305203	323306023143	22824544362	1073772640896	415396584624	239945708437	1064724545047	318254969778	627680449467	779146010371	29048227733	119109632696	40246559955	210390287935	810259451906	858412932590	217324057845	81876960737	853790183234	166801514995	125955957491	24970883316	980037779218	589393013079	1013326984523	298632895451	175006320188	391911998002	284095568744	21373704874	610954639911	429083161315	1052087779080	16777216	33554432	16777216	16777216	16777216	0	0	0	16777216	33554432	16777216	0	33554432	33554432	0	0	16777216	16777216	16777216	0	33554432	33554432	0	33554432	33554432	33554432	0	33554432	16777216	0	33554432	33554432	1094626510810	628854938291	1090016033542	504890554474	103685212658	1097424451565	303989339045	179096001694	824027458101	371369314056	565202127031	582511597795	175425692448	655414614543	584370320974	271346868425	271346868425	765140557306	740395266544	428244631961	579760955126	284360223133	284360223133	277449545617	146340157622	46867410575	587016770490	587016770490	156745965666	156745965666	309339831946	176599888409	304078265984	122912565707	1056974524054	833875876110	895703978577	913331914562	519588901118	587680333457	223127973146	61350612865	28391635938	12508175400	341372478133	13554372451	158549309816	47164613402	64104454843	183170015599	183170015599	263088305203	323306023143	22824544362	18529256942	415396584624	239945708437	18529256942	66476842395	131109387994	95901205509	29048227733	119109632696	40246559955	105947046538	179304603695	179304603695	217324057845	81876960737	81876960737	81876960737	26560150639	24970883316	980037779218	589393013079	10143792720	6398826287	2630782980	2630782980	2630782980	2630782980	610954639911	4295287419	10531803176
360611384055	1070731500178	589134646448	238481542439	540270645220	415369594191	641373781749	475743999908	624424739255	1058171624306	667882636900	125633334339	130760083632	1018996697509	549337511650	861058286790	770119656429	551642935448	585753759303	234112486394	535018129926	541765898528	163596485110	348761606406	986833624306	477483431876	818067781387	360771744629	885974835577	332102054587	970347224856	31624884897	1007169266636	450966205003	232385755905	376911600758	189315644534	160801092640	287357145088	564301159123	707331463564	618318079977	279368899576	690779288262	401773721109	368564456694	131870960904	354957179341	797713332509	597693388825	610495062866	383798628926	490255489677	460608368837	262842293880	699352577120	908285111619	92369419161	1077771034369	1088873573247	475078484424	437468059003	656844720388	401298156344	150621850536	931290395775	729532472092	942656920916	1059774213293	1022497472276	203348180016	33887156151	1093341894923	938673051397	687506808621	98040733802	59209049645	666630192817	617033933084	238444743458	578321849349	675821459075	797459090980	1038622280716	0	0	0	0	0	0	0	0	0	0	0	0	0	0	0	0	0	0	0	0	0	0	0	0	0	0	0	0	0	0	0	0	360611384055	360611384055	589134646448	238481542439	540270645220	415369594191	238481542439	475743999908	624424739255	231176001533	667882636900	125633334339	130760083632	1018996697509	549337511650	549337511650	549337511650	551642935448	319257179543	234112486394	130760083632	541765898528	163596485110	348761606406	187119162050	70882048167	818067781387	360771744629	885974835577	332102054587	970347224856	31624884897	23543505955	4434140900	232385755905	376911600758	189315644534	160801092640	160801092640	564301159123	154528864458	618318079977	279368899576	102545653974	401773721109	368564456694	131870960904	131870960904	7843544095	597693388825	597693388825	383798628926	490255489677	460608368837	908225527	699352577120	699352577120	908225527	159994280999	161642444355	4671225726	437468059003	437468059003	401298156344	150621850536	7173153413	7173153413	942656920916	1059774213293	1022497472276	203348180016	33887156151	33887156151	938673051397	687506808621	1717741421	5686369704	343316877542	343316877542	5686369704	5686369704	675821459075	13972034476	18197380252
714592589658	601242760846	283288847538	1084306236709	295570776562	325734115205	431846473563	360757183091	1004060098663	913307821712	109111056110	294196585078	13441578876	712174462103	880990456444	1044886168799	556297062908	895504252033	278172872041	694798059594	645542588644	812887746641	21233630188	874575808627	275880026547	121956446493	1026956858346	9147666803	169599477153	326410523129	945740104113	200985607534	834401367573	46912725784	896172070893	495387417322	535912810340	259718894847	610101435144	306592180538	255174886406	560194776949	680992994572	556744035283	351547027033	62897057280	942777229532	729527409892	361996494084	431683474794	1022672107125	100401908824	12705392653	715084448204	464533230557	825982673164	495288212208	559523802727	898002582309	355281443714	335820983847	544673552048	1007354051865	678306956630	105478060773	918864102517	764144839858	946323464140	39715998781	461757691570	446274844251	408688412086	549957571428	350267313967	949118258348	929303707854	1025322104871	152673083121	927143692568	965051016883	258270677866	239169895473	729171223043	372054466312	33554432	33554432	16777216	16777216	16777216	0	16777216	16777216	0	16777216	16777216	0	33554432	0	33554432	33554432	0	33554432	16777216	16777216	33554432	16777216	16777216	0	33554432	33554432	33554432	16777216	33554432	0	0	0	714592589658	601242760846	283288847538	1084306236709	295570776562	325734115205	431846473563	360757183091	1004060098663	913307821712	109111056110	109111056110	13441578876	712174462103	880990456444	1044886168799	556297062908	895504252033	278172872041	278172872041	645542588644	812887746641	21233630188	874575808627	275880026547	17221678190	1026956858346	9147666803	169599477153	169599477153	945740104113	200985607534	108809403041	3266857630	896172070893	495387417322	535912810340	259718894847	610101435144	306592180538	255174886406	560194776949	680992994572	78618776502	351547027033	62897057280	942777229532	351547027033	25208320111	431683474794	1022672107125	100401908824	12705392653	715084448204	38963513072	825982673164	495288212208	38963513072	126808479019	355281443714	23385538256	544673552048	1007354051865	678306956630	105478060773	53212691420	53212691420	946323464140	39715998781	461757691570	446274844251	408688412086	408688412086	350267313967	949118258348	187042678244	1025322104871	152673083121	152673083121	17985173971	17985173971	239169895473	146761642404	74884091437
947523828707	65740537504	474919905551	6783933742	420500871029	177520022408	677689949458	966807454560	969904035199	832398697533	204118318542	402683464530	212877014021	958479403803	668347371998	1031656433485	628357368741	136323713424	76148187470	688717662086	309840343609	682124469252	639916985020	886252537460	535797497733	47588496974	712806622850	800601757476	596284008436	889071639412	1093484693414	708436853499	481828127465	517390847252	433486496471	81952186804	1063239347310	909567250981	895760717251	1098372259725	13627664034	461559617489	67304067122	61439003291	859896746553	247857750945	363228350853	852217556610	407331918773	846293318572	546069175095	136237068996	306602699109	907362472024	43738917280	74537741742	517196875727	913240641812	711085890866	81573797685	1048113065039	759961101406	67680367659	331434877166	718693616736	717557156455	339005939499	295780420751	322437002992	665099626327	374419324387	568680883734	1073439257749	660009132864	377923423465	222371485221	275781825160	754004662239	760761215920	555006261910	242564840303	712660798333	49517469901	497126753500	0	0	0	0	0	0	0	0	0	0	0	0	0	0	0	0	0	0	0	0	0	0	0	0	0	0	0	0	0	0	0	0	947523828707	65740537504	474919905551	6783933742	420500871029	177520022408	6783933742	420500871029	969904035199	457399346588	204118318542	204118318542	212877014021	958479403803	668347371998	668347371998	628357368741	136323713424	30619037573	30619037573	212877014021	682124469252	639916985020	886252537460	535797497733	26149665401	712806622850	712806622850	596284008436	596284008436	1093484693414	708436853499	481828127465	111939946461	105704675850	81952186804	81952186804	909567250981	895760717251	1098372259725	7488340194	461559617489	67304067122	28934352127	859896746553	247857750945	247857750945	247857750945	88128178961	846293318572	546069175095	136237068996	306602699109	306602699109	43738917280	74537741742	74537741742	43738917280	390738504053	81573797685	226764197723	759961101406	67680367659	331434877166	33352949456	606695127670	182869808754	295780420751	322437002992	322437002992	295780420751	382998663329	69984377640	660009132864	377923423465	38369714994	11256887037	11256887037	11256887037	11256887037	11256887037	712660798333	8544131480	23070531164
266746307335	1026581724965	155392948916	563334991306	433475422552	998217676109	250633942841	512331683251	189810065632	217500720099	955486282629	516352550973	383944108760	404893920247	299367326629	582372001995	519432294330	897482737451	3118017868	85898959110	819654586845	140287237383	27358954625	943513593561	610857750977	927470736912	487023868381	1085131693189	1099431571108	70817663912	802233179159	949693381314	827507469769	726164887415	126698584167	961579281550	687436941811	188929328795	368398593187	532071019315	79947577051	18594110007	225717793646	975567666060	348441774910	164976331859	992185468406	474406914533	446096819238	747507138981	797018528706	490144427139	537948405751	1076497576488	651676958445	569804748239	418375621408	367845168254	1034044977850	71391097569	562704684573	654161506410	194277304799	819797476043	19040001456	929038341924	238901298869	240140963062	405647793525	263789420039	977681061651	97113706239	801672608675	22545918689	811907872462	60854166917	1045482934879	14272348020	649220418883	53529490979	509190184040	3217174906	689050091865	790550932897	16777216	0	0	0	0	16777216	0	33554432	16777216	33554432	0	16777216	33554432	33554432	33554432	16777216	0	33554432	16777216	16777216	16777216	16777216	0	33554432	33554432	0	16777216	0	16777216	0	33554432	16777216	266746307335	1026581724965	155392948916	563334991306	433475422552	998217676109	250633942841	433475422552	189810065632	15261699656	955486282629	516352550973	383944108760	404893920247	299367326629	299367326629	299367326629	897482737451	3118017868	3118017868	383944108760	140287237383	27358954625	943513593561	610857750977	65079232014	487023868381	1085131693189	1099431571108	70817663912	802233179159	949693381314	773688483119	198967818331	126698584167	961579281550	687436941811	188929328795	368398593187	532071019315	5609801699	18594110007	225717793646	221881412217	348441774910	164976331859	164976331859	164976331859	31301945436	747507138981	797018528706	490144427139	537948405751	1076497576488	651676958445	569804748239	418375621408	229779044702	72557386825	71391097569	299367326629	654161506410	194277304799	819797476043	19040001456	65458508193	65458508193	240140963062	405647793525	263789420039	240140963062	97113706239	97113706239	22545918689	811907872462	3836381428	1045482934879	14272348020	14272348020	14272348020	14272348020	3217174906	43439243521	49838081288
159867894440	69950061545	614134117633	43951954235	907522446376	704737344118	566533772172	418488322792	921881186467	551341393060	332351672095	294123494445	736022100832	455837665764	571790954759	18887130419	84123528603	369408263640	388716095670	453781081696	436938966807	857011991608	334288319535	347674787111	771146735073	631315395880	994082613915	667200263885	173773310500	50753296156	276657101314	11270217933	559241954015	612714948062	869754263254	1023423995485	1058432293521	641450602872	681004994130	851348738652	305537158822	259255492913	783802826630	729109501230	136984485593	642784136497	475427950499	555451611102	11840184899	362878201848	559380400065	228341149258	117977057988	7735395260	239039052408	29614572937	555367784788	854230763332	551295204361	1063383375184	311348667953	705501063560	134065703560	188622645597	451393864088	474998739158	398153937732	190214922900	491779725242	243443013744	49641474680	787086127705	948946715091	254489243283	661660419537	140953363282	618807945735	1098085639017	399535370823	817237894642	1012362592738	600836907083	881580522723	535024026794	0	0	0	0	0	0	0	0	0	0	0	0	0	0	0	0	0	0	0	0	0	0	0	0	0	0	0	0	0	0	0	0	159867894440	69950061545	614134117633	43951954235	907522446376	614134117633	43951954235	418488322792	921881186467	407957599189	332351672095	294123494445	736022100832	455837665764	571790954759	18887130419	18887130419	369408263640	0	0	436938966807	857011991608	334288319535	347674787111	88878588241	153643576300	994082613915	667200263885	173773310500	50753296156	276657101314	11270217933	7789315403	1702991908	369408263640	1023423995485	1023423995485	641450602872	641450602872	851348738652	226078084006	259255492913	154810823259	129730904209	136984485593	642784136497	475427950499	136984485593	32908841	362878201848	362878201848	228341149258	117977057988	7735395260	2374265688	29614572937	29614572937	2374265688	134169018129	258796198869	865368576	705501063560	134065703560	188622645597	60062082528	1106636840	1106636840	190214922900	491779725242	243443013744	49641474680	101630889265	101630889265	254489243283	254489243283	25079919050	2813780387	121522213915	121522213915	2813780387	2813780387	600836907083	5361129571	71189840643
869874331949	195983352703	281816424060	485437414682	919167371100	625405106925	925589485045	259107634008	202715940413	108107205493	773246909857	804807011324	613570562078	137478232413	978981304049	904907575422	1019524751500	328512692723	749647313150	215740960882	117372108885	895003456822	425331865658	91097521849	913372031121	1078045123021	472455510110	6194303934	869972649332	221514973024	818742587881	222761197406	342456873846	60134525755	934619840329	1020560045389	174112459562	341048772659	814320721379	1000963294183	635409378702	877783312671	596740730701	98192344260	246398579452	531339044547	464167696618	207887483450	839813737044	755917595228	171215933603	675351619376	223715060400	970868225055	389450611461	66649880746	62802091417	604336792004	568068017395	878650285600	712934481028	980740902948	26258791343	305816048173	6915574806	858731475358	625424657589	558913639665	929055407400	363740579117	592255780698	1007690439996	399551555875	314455853332	184845933798	836223879025	529877667203	499359638273	1033081521998	590711479712	329934104506	893302492562	714841755552	577846101305	0	33554432	0	0	0	16777216	0	0	16777216	33554432	33554432	0	33554432	33554432	0	16777216	16777216	33554432	0	16777216	33554432	16777216	0	0	0	0	33554432	33554432	0	33554432	33554432	0	869874331949	195983352703	281816424060	485437414682	919167371100	625405106925	925589485045	259107634008	202715940413	6819980195	773246909857	804807011324	613570562078	137478232413	978981304049	904907575422	904907575422	328512692723	0	0	117372108885	895003456822	425331865658	91097521849	0	68008846912	472455510110	6194303934	869972649332	221514973024	818742587881	222761197406	146666993761	3720956491	328512692723	1020560045389	174112459562	341048772659	341048772659	1000963294183	40085018929	877783312671	596740730701	98192344260	246398579452	531339044547	464167696618	207887483450	51965328357	755917595228	171215933603	675351619376	223715060400	970868225055	37394672711	66649880746	62802091417	37394672711	35836766018	91097521849	44114394382	980740902948	26258791343	305816048173	198530090	210101310156	38699530932	558913639665	929055407400	363740579117	363740579117	1007690439996	399551555875	314455853332	184845933798	184845933798	529877667203	336037797059	336037797059	9471641818	9471641818	893302492562	198117002643	16588619433
405806514632	454743493388	778671616644	332051635994	957723492927	17123002906	490702832393	985008600008	750535909941	815840051569	543813246361	477819109167	872503407107	868072991824	434116649276	633895339159	897642028736	374301558448	32126504659	984780712895	356220092483	709055979177	726388078525	573644086357	270306515072	435690136858	997584408823	212764961991	8624795917	667055309894	393977859653	449561438193	865277157263	241174841230	296185572507	275856719292	878194679184	260301315079	621013464772	861031332463	414004666241	271083450171	787479618475	215831278400	71411982981	680002974617	260302041984	496129404820	484291995052	472250429801	740464919226	88068792593	402070260131	1001302526964	1042869715834	630455349530	166317789365	255031245316	1065837114097	147233373430	1040029079865	849316111863	805249527004	370951459934	664881292005	435965735271	570360768201	741155105214	284826553543	1015522881688	524861991079	670682531685	695372008245	122545619252	1090204061186	877891492810	290536108262	944130916057	593398970347	236679407050	609151814865	79139842949	893423122835	232261620045	0	0	0	0	0	0	0	0	0	0	0	0	0	0	0	0	0	0	0	0	0	0	0	0	0	0	0	0	0	0	0	0	405806514632	405806514632	778671616644	332051635994	957723492927	17123002906	332051635994	957723492927	750535909941	198094652278	543813246361	477819109167	872503407107	868072991824	434116649276	434116649276	434116649276	374301558448	32126504659	32126504659	356220092483	709055979177	709055979177	573644086357	270306515072	105790204827	997584408823	212764961991	8624795917	8624795917	393977859653	449561438193	340251578829	43489731709	296185572507	275856719292	275856719292	260301315079	260301315079	861031332463	100524741636	271083450171	204904075013	182667428364	71411982981	680002974617	260302041984	71411982981	87329709958	472250429801	472250429801	88068792593	402070260131	402070260131	6459841259	630455349530	166317789365	6459841259	258796601240	147233373430	187542719725	849316111863	805249527004	370951459934	370951459934	373188951930	102850018104	741155105214	284826553543	284826553543	284826553543	50749798981	50749798981	122545619252	122545619252	22236646649	15429576176	15429576176	15429576176	15429576176	15429576176	79139842949	22630056736	5883095595
836186627018	906056065847	343305852707	1018683466524	315914369471	948285564819	789021337455	11363614549	50493279024	34449310124	804327999965	1033831730324	693287524580	64684574653	609664753874	438600135893	298622436476	806891611506	182667467094	457926412344	6458800150	635609028353	645165232360	591926942672	750529456403	202028279451	971503558350	364550176541	157438559946	352922071957	482732836083	40719054455	799595584596	729513434941	545585048064	395822818839	440953648101	733607118581	362766434748	118081269509	225757384735	130155347307	885236768874	508584078566	343012849787	106287793521	443118988835	23997168697	573891920256	620357048170	592928173657	809292740999	349371109334	145112825042	622191882142	329262207833	289551735992	67677689586	385663044895	511025505839	137207151957	984543429270	708423573717	58855285699	236970135500	973931922	22776300110	1036614160671	414592666088	224380354930	743217271376	1057986271544	232778750020	932124614839	272995562232	665677235504	1010671659408	642388942694	1043692959420	218891359387	348829369644	221040838696	278963029151	870801717178	0	33554432	33554432	16777216	33554432	0	0	16777216	33554432	16777216	16777216	16777216	16777216	33554432	33554432	0	16777216	33554432	33554432	33554432	16777216	0	16777216	0	33554432	0	16777216	16777216	33554432	16777216	0	0	836186627018	906056065847	343305852707	1018683466524	315914369471	948285564819	789021337455	11363614549	50493279024	34449310124	804327999965	804327999965	693287524580	64684574653	609664753874	438600135893	298622436476	806891611506	182667467094	182667467094	6458800150	635609028353	645165232360	591926942672	750529456403	202028279451	971503558350	364550176541	157438559946	352922071957	482732836083	40719054455	38827880218	15252362197	545585048064	395822818839	440953648101	733607118581	362766434748	118081269509	225757384735	130155347307	48256391088	20900315715	343012849787	106287793521	106287793521	23997168697	11998692567	620357048170	592928173657	809292740999	349371109334	145112825042	1414976866	329262207833	289551735992	1414976866	385663044895	511025505839	2868669824	984543429270	708423573717	58855285699	236970135500	973931922	476197369	1036614160671	414592666088	224380354930	224380354930	74605777456	74605777456	932124614839	272995562232	27356075372	7293178762	221952477932	221952477932	7293178762	7293178762	221040838696	11464014757	35785687325
868343226243	912476890496	856379432825	898742888133	465220489509	941011990902	971287515064	123612035861	186417006733	686635862071	200855997031	435151550328	647324157537	218190877253	390107758385	381702315263	533167243974	57198945001	683488327814	473027151770	280341097627	690234077356	787528082256	577203693420	817708402735	656841697372	283125429921	567714057604	211212966732	326404113019	622891576464	934453710331	399213697581	454807274555	1027455010398	117554266295	699851101401	436517018953	725989590264	831152770241	724550020569	328017847977	1032220913084	1047742923240	155054389050	845222855790	225616705969	533401761784	147434474618	204533100795	1046403318012	95727325239	697787086457	558205746316	191003760056	399583280692	940055075864	679728357494	209391228116	799281005203	554468710312	55212949591	715897110052	353315117456	599304414462	557461154235	92751910794	647656186939	96663815761	371571324084	52472869648	387942533429	72588586301	196646631251	189139630709	206736539398	22779580112	916460211304	169167207294	78211749899	956759860185	992311073711	13927634706	917118659958	0	0	0	0	0	0	0	0	0	0	0	0	0	0	0	0	0	0	0	0	0	0	0	0	0	0	0	0	0	0	0	0	868343226243	868343226243	856379432825	898742888133	465220489509	856379432825	898742888133	123612035861	186417006733	52786947166	200855997031	200855997031	647324157537	218190877253	390107758385	218190877253	218190877253	57198945001	0	0	280341097627	690234077356	690234077356	577203693420	0	50496441987	283125429921	283125429921	211212966732	211212966732	622891576464	934453710331	399213697581	154096051146	57198945001	117554266295	117554266295	436517018953	436517018953	831152770241	55701698335	328017847977	278210798742	270740690081	155054389050	845222855790	225616705969	155054389050	11334415011	204533100795	204533100795	95727325239	697787086457	558205746316	24560944597	399583280692	399583280692	24560944597	16097504232	577203693420	187862955418	55212949591	55212949591	353315117456	13379262796	177444058499	92751910794	647656186939	96663815761	96663815761	52472869648	28447717827	28447717827	196646631251	189139630709	7470108660	21359331407	21359331407	21359331407	21359331407	21359331407	992311073711	503253778	20474355387
13084333155	356111131954	190983818258	332369020711	921480396345	335253619586	130783595345	771906984126	446930745292	787168819349	837055568464	966177846837	911439707228	668829592073	514612758231	725046935329	377243837350	213736405797	1051072664368	301627213736	214234690654	662869968549	1080701155810	427167066269	292255097909	818771388370	546849711283	900146090461	251445364474	528408260085	752759089173	223777324574	359362646516	267340506443	802670918983	439352081414	359280021763	195378289022	547209054519	770204351980	1043484010715	673485211278	1025982302050	170963154813	232253247767	290975868511	757813883734	930960125147	845381693	394594533320	28989149882	230975060708	495155107932	1044783254387	616488826113	1090491607172	848115537258	378989514090	999165146861	478295100107	744453434495	823281295858	1019916148245	833864489569	696593193276	525398230500	121477191218	363062103406	314214602167	333837288984	445227831944	1077627320783	512781368620	80559699625	705727390032	760776579345	286950328163	958541395657	634773792116	1036832821189	684288069037	477342877137	679417439373	1001130211239	33554432	0	33554432	0	0	16777216	16777216	0	33554432	33554432	33554432	33554432	33554432	33554432	0	16777216	0	16777216	0	0	16777216	33554432	16777216	33554432	0	0	0	16777216	0	33554432	33554432	0	13084333155	356111131954	190983818258	332369020711	921480396345	335253619586	130783595345	771906984126	446930745292	787168819349	837055568464	966177846837	911439707228	668829592073	514612758231	514612758231	377243837350	213736405797	0	0	214234690654	662869968549	662869968549	427167066269	256204269524	292663350343	546849711283	900146090461	251445364474	528408260085	752759089173	223777324574	359362646516	46279401477	213736405797	439352081414	359280021763	195378289022	547209054519	770204351980	599241555235	673485211278	1025982302050	61109426127	232253247767	290975868511	290975868511	232253247767	146344298	394594533320	28989149882	230975060708	495155107932	1044783254387	616488826113	1090491607172	848115537258	65606997277	357143671090	170962796744	128872574661	823281295858	823281295858	833864489569	494544269839	43421060233	43421060233	363062103406	314214602167	314214602167	314214602167	1077627320783	512781368620	80559699625	705727390032	159795266349	286950328163	958541395657	634773792116	118457328800	118457328800	477342877137	142706405053	210279697217
662718531424	423213376102	897921671873	678757857546	394274846026	673451182787	16479474252	921785162729	932052822759	661875165711	887732373980	692541790284	930330850714	1090267375336	449638218862	192875371854	1056988206818	330509694202	198804293513	6173112315	851393656123	104839443013	888235742255	998664761591	507717241523	944677583863	560233219683	916948145505	163315787143	347079454278	631374474614	1028595407825	380802802378	1082153191910	191290937115	278847513123	973090221164	162674072068	156722147009	752539777178	805878534212	178414223553	479342164172	217978251874	341058227567	847289013019	172946770462	279959267498	628938216643	757212159825	444647057686	540747902112	271132695325	339067071789	508033152606	335588925283	525533396236	743058650337	274419350208	690372766993	360222240196	998399080335	884169959544	1052425327444	458758626027	920581209348	794192644986	877532651756	716144481376	48855083364	162565833649	454290298176	906328668222	863541260318	187666147944	211406413014	844242326508	59373275762	325718829884	141424778492	695595997636	8590240638	630578775375	241690601753	0	0	0	0	0	0	0	0	0	0	0	0	0	0	0	0	0	0	0	0	0	0	0	0	0	0	0	0	0	0	0	0	662718531424	423213376102	897921671873	678757857546	394274846026	673451182787	16479474252	394274846026	932052822759	278058504552	887732373980	692541790284	930330850714	1090267375336	449638218862	192875371854	192875371854	330509694202	139218757087	6173112315	851393656123	104839443013	104839443013	998664761591	507717241523	188771649003	560233219683	560233219683	163315787143	163315787143	631374474614	1028595407825	380802802378	123592741555	191290937115	278847513123	278847513123	162674072068	156722147009	752539777178	338555352554	178414223553	53741444123	27281985131	341058227567	847289013019	172946770462	172946770462	71831048547	757212159825	444647057686	540747902112	271132695325	271132695325	262542454687	335588925283	335588925283	84864745969	54836268100	413984424623	41140990543	998399080335	884169959544	1052425327444	458758626027	158700764982	158700764982	877532651756	716144481376	48855083364	48855083364	65299503667	65299503667	863541260318	187666147944	26459458992	59373275762	59373275762	59373275762	59373275762	59373275762	8590240638	8590240638	30249804037
828384995982	473988610181	624657500790	225901475211	585870757705	1086485706015	742251737928	759824879726	34094903786	1097331321964	259383974247	411271983403	1030897569727	417318696763	82831492133	775538932607	210393926970	117434712057	837366126059	1013727878561	838273501659	382086333817	656717840458	1019601367585	867583827368	308492164953	262676632392	14193752408	399856075804	751791825027	660532261195	750707309682	925420479622	1040909638600	842279849763	951218689300	975270916753	112452717806	598778589590	230002053191	513203216767	753204696229	566984553292	352655969460	8780294692	257180285215	272887857422	880700025140	896196396548	790270056778	188907415527	520019636693	241507755013	911459303484	497695864412	660737250359	291871125701	395216383925	548600288726	238236161128	64533127515	123212294198	383769813579	953090809118	1080512296216	738418399820	203622817911	48010266158	384985083081	574943891318	968647216489	1048798543976	726424004803	824141747015	544922767830	569714513441	86253957076	1013390261427	150863550747	254329114187	304797831937	446014038603	1033452483194	896788143935	0	0	33554432	0	16777216	0	33554432	16777216	0	0	16777216	0	0	33554432	33554432	33554432	16777216	0	16777216	16777216	16777216	33554432	16777216	16777216	33554432	33554432	16777216	0	0	0	16777216	0	828384995982	473988610181	624657500790	225901475211	585870757705	624657500790	742251737928	759824879726	34094903786	1097331321964	259383974247	411271983403	1030897569727	417318696763	82831492133	417318696763	210393926970	117434712057	837366126059	837366126059	838273501659	382086333817	656717840458	1019601367585	867583827368	248116851964	262676632392	14193752408	399856075804	399856075804	660532261195	750707309682	925420479622	437944845169	842279849763	951218689300	951218689300	112452717806	112452717806	230002053191	513203216767	753204696229	566984553292	216778931044	8780294692	257180285215	272887857422	8780294692	377059235089	790270056778	188907415527	520019636693	241507755013	241507755013	66808918303	660737250359	291871125701	66808918303	441233172474	238236161128	27151204571	123212294198	123212294198	953090809118	58337715143	163771590685	163771590685	48010266158	384985083081	574943891318	48010266158	1048798543976	726424004803	824141747015	544922767830	350205622247	86253957076	1013390261427	150863550747	16456276488	16456276488	446014038603	174698836709	48418302566
126073493180	245708383387	681343083833	1042624429165	57143881557	942615415762	859279943797	938223009898	608733680191	759441300309	426546732587	306162825662	590066996223	968167689760	945581369696	677660515608	897986389619	646224972474	49072552181	1085247795214	339573333757	405374196782	50897075547	183072638369	360805505930	704564909955	533790172878	299480401726	606486925673	69991275799	45672431226	792241741771	697833403371	902897702506	911307445964	96584470689	222727777163	1023953386400	20184518460	588758090824	152640892310	546488581379	1066938509482	198016829744	824654974214	792685761773	596167227603	47184665667	444688918348	596407946348	470006517509	989515091685	904288243325	224620661807	1039460351284	1004205632824	440649055558	622382031804	312984930245	43595920377	987511896963	659981756021	547466898262	503629159474	866093300624	862352245029	945580239863	142463430866	294273814969	837912581769	29287844073	419796084428	931375673775	806196139113	236737467732	359205332433	6037953725	1042151623347	1059227833450	678255977679	191870569880	163264234947	231250136541	436490845689	0	0	0	0	0	0	0	0	0	0	0	0	0	0	0	0	0	0	0	0	0	0	0	0	0	0	0	0	0	0	0	0	126073493180	126073493180	681343083833	1042624429165	57143881557	681343083833	859279943797	57143881557	608733680191	417599505467	426546732587	306162825662	590066996223	968167689760	945581369696	677660515608	677660515608	646224972474	49072552181	49072552181	339573333757	405374196782	50897075547	183072638369	178726031408	70246635812	533790172878	299480401726	606486925673	69991275799	45672431226	792241741771	40711793482	11671796317	597152420293	96584470689	96584470689	1023953386400	20184518460	588758090824	83933756456	546488581379	155600121997	19742703514	824654974214	792685761773	596167227603	47184665667	5748512223	596407946348	470006517509	989515091685	904288243325	224620661807	137158022091	1004205632824	440649055558	8045558524	31205270230	4346606960	12765607544	659981756021	547466898262	503629159474	379898497079	94276382208	94276382208	142463430866	294273814969	294273814969	29287844073	388408140509	388408140509	806196139113	236737467732	135857418483	2480318871	2480318871	2480318871	2480318871	2480318871	163264234947	87462639715	165088082310
143612630720	811604818105	222167815496	482945420661	544979443244	288748947905	106488379690	1023334793384	321662390545	714732327358	1087733161083	51447380619	838160916658	317931195188	145123525365	944277846486	375172447733	288683272710	150718667088	1096657939830	716858386740	324461260222	47921074210	983052547211	771101709943	39216852439	208937729752	1034596053506	230900738822	638614161167	710426472953	1040953755219	751566533593	503567103221	959996816882	215975041275	794423949300	572559966776	991841072106	451094010517	993992181363	731502573419	95945788614	9302547303	463625385314	215390611268	504762910812	829943462721	984924324987	257775250569	491526184908	773266805448	259349276311	629761250840	227054769446	720932695574	57422091213	981664957388	335093700457	248733245655	701006188161	312205448271	66692613059	65756573678	18993618047	601351199407	216763633533	985471088902	716476300063	884458723055	1077043916989	42312298341	308866365587	71995628816	48305150491	511760721175	166529062029	437187558872	299835216568	861759551621	272875763918	602994500647	160151218472	232480748407	33554432	16777216	0	0	0	33554432	33554432	16777216	0	33554432	0	33554432	33554432	33554432	16777216	33554432	33554432	33554432	0	0	33554432	33554432	16777216	33554432	0	0	0	33554432	0	33554432	33554432	33554432	143612630720	811604818105	222167815496	482945420661	544979443244	288748947905	106488379690	544979443244	321662390545	714732327358	1087733161083	51447380619	838160916658	317931195188	145123525365	145123525365	145123525365	288683272710	0	0	716858386740	324461260222	47921074210	983052547211	771101709943	39110958546	208937729752	1034596053506	230900738822	638614161167	710426472953	1040953755219	751566533593	168083531630	288683272710	215975041275	794423949300	572559966776	991841072106	451094010517	360806908561	731502573419	95945788614	9277428434	463625385314	215390611268	215390611268	215390611268	328753720950	257775250569	491526184908	773266805448	259349276311	629761250840	227054769446	720932695574	57422091213	57422091213	334188875766	90287101955	145123525365	312205448271	66692613059	65756573678	3632263182	216178325341	216178325341	985471088902	716476300063	716476300063	716476300063	42312298341	42312298341	71995628816	48305150491	23942887420	166529062029	437187558872	299835216568	52183664433	52183664433	602994500647	7492725477	10876685443
820691004030	648559199775	454612127757	516216160318	150427470965	619035124955	394498290280	644830557374	253492150015	769786438120	463771352419	432735641350	1061326795674	596480923569	416123157931	574659022449	223274455722	122300292528	467736718751	774898500502	235405397111	48618225201	622809098220	99096224725	436594725112	26508821847	517842764917	175172115405	615021596566	364412825763	846376107966	136556589637	660186813023	555935955034	506700733223	98340396269	660054104316	469747395068	776508942890	16398161444	911933700122	544105479939	1007035530873	309726647	734607879440	223937738146	865378317967	612759026471	216152554385	708286827469	652734902392	1090221522207	61241286379	842896124543	1062249798694	332292500864	1057432901084	624361085372	562546381002	286202884789	84814566579	186432081270	75120279203	837504427737	76014322949	400626019159	662907757590	813633162188	2068088910	434664616830	225342355558	624422183811	432762033190	632732848293	218748460636	937192028072	107535925491	241732028811	248094578488	384203671438	820255681860	158914477394	791152697708	600641284117	0	0	0	0	0	0	0	0	0	0	0	0	0	0	0	0	0	0	0	0	0	0	0	0	0	0	0	0	0	0	0	0	820691004030	648559199775	454612127757	516216160318	150427470965	454612127757	394498290280	150427470965	253492150015	166613242321	463771352419	432735641350	1061326795674	596480923569	416123157931	416123157931	223274455722	122300292528	2821596462	2821596462	235405397111	48618225201	48618225201	99096224725	95179141172	2977936786	517842764917	175172115405	615021596566	364412825763	846376107966	136556589637	87574869476	21153855719	119478696065	98340396269	98340396269	469747395068	469747395068	16398161444	12481077891	544105479939	218234421160	34793940	734607879440	223937738146	223937738146	223937738146	8224796233	708286827469	652734902392	1090221522207	61241286379	61241286379	23757492562	332292500864	332292500864	23757492562	63195096782	3917083552	3227269414	186432081270	75120279203	837504427737	4932641460	25224227597	25224227597	813633162188	2068088910	2068088910	2068088910	294659603232	294659603232	632732848293	218748460636	218199627219	31211455546	241732028811	241732028811	31211455546	31211455546	158914477394	37483793816	38976182196
704188880656	282320308683	66146122264	120484312178	970286609238	1068434676683	677835048453	55144183865	196120268264	1018650902956	369891679729	10936533891	657097985007	1064283422147	107831388871	729184726947	803774091579	7016994515	600360650452	639555799165	631024504308	482873107711	50168270763	486248846090	52127338137	384331736971	671776593807	1029508601774	1047385171427	328706678810	646265991917	466309150859	1059490074899	823537976167	344252618706	748635752328	112245053960	37357638929	285503396034	816187717324	609670437202	1014326596305	542059743767	902958044985	961535244928	136394848132	519203239623	195324224477	877631941262	1097125145216	878393673446	307592564489	509171142972	146004869447	1065437969011	17513745052	77631014972	478398126862	438038844350	806908316081	825080702032	170901332236	1083750123660	643406054180	496684566213	984429105065	1072508197368	684160907223	171884013364	996710000066	809022402379	694263610718	651404721282	219945961908	800894611803	360321860789	741470361854	850382845504	307650788847	649303281932	1068400958379	225234197326	658242794699	6207883532	0	0	16777216	16777216	33554432	33554432	0	16777216	33554432	33554432	0	0	33554432	33554432	0	33554432	16777216	33554432	33554432	0	0	0	16777216	0	33554432	33554432	33554432	33554432	33554432	33554432	33554432	16777216	704188880656	282320308683	66146122264	120484312178	970286609238	1068434676683	677835048453	55144183865	196120268264	1018650902956	369891679729	10936533891	657097985007	1064283422147	107831388871	729184726947	729184726947	7016994515	600360650452	600360650452	631024504308	482873107711	50168270763	486248846090	52127338137	8383225783	671776593807	1029508601774	1047385171427	328706678810	646265991917	466309150859	381463447897	17963400185	344252618706	748635752328	112245053960	37357638929	37357638929	816187717324	609670437202	1014326596305	542059743767	19695748322	961535244928	136394848132	519203239623	195324224477	143673438199	1097125145216	878393673446	307592564489	509171142972	146004869447	61451646453	17513745052	77631014972	61451646453	9554710633	806908316081	135070495591	170901332236	170901332236	643406054180	145774876495	23394056508	23394056508	684160907223	171884013364	996710000066	809022402379	694263610718	199531983100	219945961908	219945961908	113156771833	23304467467	23304467467	23304467467	23304467467	23304467467	225234197326	84553222993	1821988273
854860039754	728240893956	170896880193	460153936604	342035894780	519969190522	674372434484	414883294466	606938383600	392330951836	684357204510	766410708928	398166080631	1013631532113	16324268486	999908598000	444587454100	989487373683	375749690123	507317709694	909490322351	700203664932	820140843484	115986631275	674131093008	791867369247	1039422155869	768401735750	676960439780	283442964345	348322398917	308869470818	241834144819	494527536769	581193465568	522216403553	159904787293	85048125134	608723344841	182540594195	238361919670	579806270836	878139222393	268905130516	764626664485	103406067484	228588515879	604119829239	734428714249	384045307212	398450415217	808415991800	676297049372	263890196343	570057666045	268337989068	682015579573	972067564810	1092244832102	1029055704547	5287086099	889754011949	502685095648	424658308397	431438679264	422920251577	999273034499	1023392434584	413022737451	487185861936	146602701897	858355940728	569731886869	286855004462	748780848600	1057412921675	437533098260	100048519588	780497512229	347676077232	752958608206	299068200376	652482197436	436020076943	0	0	0	0	0	0	0	0	0	0	0	0	0	0	0	0	0	0	0	0	0	0	0	0	0	0	0	0	0	0	0	0	854860039754	728240893956	170896880193	460153936604	342035894780	170896880193	460153936604	342035894780	606938383600	87510059411	684357204510	684357204510	398166080631	1013631532113	16324268486	16324268486	16324268486	989487373683	375749690123	375749690123	398166080631	700203664932	700203664932	115986631275	0	176627309684	1039422155869	768401735750	676960439780	283442964345	348322398917	308869470818	185378277193	30978815034	581193465568	522216403553	159904787293	85048125134	85048125134	182540594195	53167015383	579806270836	203456391551	41249885300	764626664485	103406067484	103406067484	103406067484	46007005885	384045307212	384045307212	808415991800	676297049372	263890196343	60893477212	268337989068	268337989068	60893477212	243626993235	115986631275	331200287	889754011949	502685095648	424658308397	388632099295	160552882903	62597716411	1023392434584	413022737451	413022737451	146602701897	329182100510	329182100510	286855004462	286855004462	162206506251	47167778774	81472060861	81472060861	47167778774	47167778774	299068200376	100090376680	66885217578
330260366593	404136024313	947402998779	174924207493	472169832103	314746853534	30887737756	963814256176	895383242089	39898454497	902012432567	962234946143	243079523257	1034885552614	866072516009	1037860432119	938052846993	823458759651	987351698952	815572621540	667215032247	496940341536	325718692523	499486929372	537324645054	148973514012	395886605631	341143586310	189498112229	359640173509	742759997621	676125889468	797313927505	882331917900	19412278100	338664066554	1056209201660	664543710813	1097185992551	166470876583	241343540280	353354467019	849198445959	971283897326	837580368337	726227383568	742661099351	860862573749	689207135741	661639848978	1054435602986	344529123675	430717034678	568823238721	636506777623	142554025720	47864141902	874045663045	151500509282	1081544251377	413001521736	444993303807	135641968768	1088530741065	58678335355	136929218548	309719769943	216152170225	615818663318	902237138373	317855303110	908677121864	586610812906	997006678674	556807534933	349466879346	684133473044	16887589973	97764533737	215741496559	815004833206	814064358024	151811740249	964672753776	0	33554432	0	16777216	33554432	0	16777216	33554432	16777216	0	16777216	16777216	16777216	33554432	33554432	33554432	16777216	33554432	33554432	16777216	0	16777216	16777216	33554432	16777216	0	0	0	0	33554432	16777216	16777216	330260366593	404136024313	947402998779	174924207493	472169832103	314746853534	30887737756	963814256176	895383242089	39898454497	902012432567	962234946143	243079523257	1034885552614	866072516009	1037860432119	938052846993	823458759651	987351698952	815572621540	243079523257	496940341536	325718692523	499486929372	537324645054	51162555210	395886605631	341143586310	189498112229	359640173509	742759997621	676125889468	797313927505	303022693417	19412278100	338664066554	338664066554	664543710813	664543710813	166470876583	241343540280	353354467019	849198445959	333571818802	837580368337	726227383568	726227383568	726227383568	268589516149	661639848978	1054435602986	344529123675	430717034678	568823238721	47864141902	142554025720	47864141902	47864141902	52030411056	1081544251377	160949986062	444993303807	135641968768	1088530741065	6809304585	106368269116	106368269116	216152170225	615818663318	615818663318	317855303110	908677121864	262889801827	997006678674	556807534933	105231264315	16887589973	16887589973	16887589973	16887589973	16887589973	814064358024	45713463302	111945074209
931610423051	125181754125	152630404275	489131914854	715564017997	621211770983	870806964721	118734128675	879507845294	410555865575	688067164240	755418911565	397923482068	17052384105	820565747505	584737797756	999429234572	719545874844	469754518983	56142409192	932894254619	303794004937	1029704030693	42622006446	991552222998	343715695372	740432536260	575027604249	42509830589	152941817072	1086847884359	658807848755	459791074529	28633667850	63084853374	690672873407	68232951612	516628620420	846404354535	583978215221	1094160292921	496454103385	128462158887	980573832728	297243997384	569074045162	779728524193	708117395003	205140680854	500014633747	996475245869	995692346422	390134927858	347146570695	919067290288	278191080089	337267136897	771105918794	486282795346	80247388190	548286312894	112302868389	776979400499	276054350222	10262116838	837898269152	866760001022	188989776477	209424481060	925071561563	496780562107	95348254389	234092209141	797792756060	559712138816	73930715959	721335151644	119903307140	100524102761	1079033383311	843423227263	484247197698	148625939902	838761665762	0	0	0	0	0	0	0	0	0	0	0	0	0	0	0	0	0	0	0	0	0	0	0	0	0	0	0	0	0	0	0	0	931610423051	125181754125	152630404275	489131914854	715564017997	152630404275	489131914854	118734128675	879507845294	200588300354	688067164240	688067164240	397923482068	17052384105	820565747505	17052384105	17052384105	719545874844	469754518983	56142409192	397923482068	303794004937	303794004937	42622006446	34256572053	35830837166	740432536260	575027604249	42509830589	42509830589	1086847884359	658807848755	351134418326	2984932908	63084853374	690672873407	68232951612	516628620420	516628620420	583978215221	534581945783	496454103385	128462158887	102220474081	297243997384	569074045162	569074045162	297243997384	57813936810	500014633747	500014633747	995692346422	390134927858	347146570695	217317543638	278191080089	278191080089	217317543638	50692825179	8365434392	17052384105	112302868389	112302868389	276054350222	680946079	90355886790	90355886790	188989776477	209424481060	209424481060	188989776477	95348254389	95348254389	797792756060	559712138816	13185202157	272643690109	119903307140	100524102761	55965620864	55965620864	484247197698	26506750787	55656301444
344014670002	266001595282	82035562097	396062946065	794252931275	199552230425	370553955817	565505093129	149983533201	986821217600	931371749839	620133335990	329227673989	304664240535	773137849476	1090318173885	326313243736	313957816368	602902305538	274822171547	1072785519960	1077689576169	844989600716	135682094814	153989768150	472444461229	1003869844058	337825250706	498651249029	520618473722	541955822714	316305346751	99592991185	329378487268	979480276162	3547093691	815464701590	215982959297	621127803441	709473914201	486029048808	803418790933	886483641980	399861399052	336477585136	620835325266	614526867270	815515669132	807000060121	1066230427335	899678198410	862102958834	293529027946	945657945324	503467873614	552284753939	782867431521	885786429593	371218956805	940961340706	560517646786	532865767032	178594114738	662215999817	620683932676	731252091595	637549870494	823029434297	948119969644	78550887972	690775169276	934242696822	139728057896	170709937836	729915298483	81458146683	876061219821	126342446040	406997066545	203468443846	545740511508	864777162819	166658192593	171680951790	0	16777216	33554432	33554432	16777216	0	16777216	33554432	33554432	33554432	0	16777216	33554432	0	33554432	0	33554432	33554432	16777216	0	33554432	16777216	16777216	16777216	16777216	0	33554432	16777216	33554432	33554432	0	33554432	344014670002	266001595282	82035562097	396062946065	794252931275	199552230425	370553955817	565505093129	149983533201	986821217600	931371749839	620133335990	329227673989	304664240535	773137849476	1090318173885	326313243736	313957816368	602902305538	274822171547	1072785519960	1077689576169	844989600716	135682094814	153989768150	243903282895	1003869844058	337825250706	498651249029	520618473722	541955822714	316305346751	99592991185	10485726310	979480276162	3547093691	815464701590	215982959297	215982959297	709473914201	486029048808	803418790933	374125814115	206431688664	336477585136	620835325266	614526867270	614526867270	25690754223	1066230427335	899678198410	862102958834	293529027946	945657945324	503467873614	552284753939	782867431521	28198909245	191644795669	940961340706	17844014905	532865767032	178594114738	662215999817	126289028522	329140288825	329140288825	823029434297	948119969644	78550887972	78550887972	280197711700	139728057896	170709937836	729915298483	34405365777	149095265116	126342446040	126342446040	17373586500	17373586500	864777162819	70391192403	34931499714
714230415570	550428791113	179742652284	269136203879	581788756891	19325029836	412529564838	680904429510	161259620257	38676620081	1066872835039	417970851568	118475887052	481250699669	480951603573	318160370952	293506778114	695005453234	945715256753	938720225003	665246333170	364420813428	836018953781	516863066755	819344565058	975462296404	699356524614	418107882220	19628875341	325708229692	28136059193	684321293683	486144987301	910742617479	502501863619	280942949579	210347996476	1095064096038	212824282171	269066317494	936285605946	417479494393	481586366671	1076617033409	308637075373	383355009594	939603613213	1072166420352	298833135565	810555841294	680294154708	408202353070	1086123227537	1053129976466	987744827421	205248715046	732538537252	1060947808267	647404124659	301943626924	568586699856	74418630710	1053826808519	791637190394	61193040605	1059689219744	321401197863	267055001803	331568793437	410176520873	4017976757	525863655403	146113356187	65179950577	756113239927	287338909278	264679909705	29833541743	578066098897	604840804828	641104461817	882010275411	303057689302	610293743783	0	0	0	0	0	0	0	0	0	0	0	0	0	0	0	0	0	0	0	0	0	0	0	0	0	0	0	0	0	0	0	0	714230415570	550428791113	179742652284	269136203879	581788756891	19325029836	269136203879	581788756891	161259620257	2374557724	1066872835039	417970851568	118475887052	481250699669	480951603573	318160370952	293506778114	695005453234	500948003673	500948003673	118475887052	364420813428	364420813428	516863066755	305280164644	59888675014	699356524614	418107882220	19628875341	19628875341	28136059193	684321293683	20560860334	5380602419	194057449560	280942949579	210347996476	1095064096038	212824282171	269066317494	57483415383	417479494393	267578538776	227709559386	308637075373	383355009594	383355009594	308637075373	1765484848	810555841294	680294154708	408202353070	1086123227537	1053129976466	254513798024	205248715046	205248715046	6268003972	39747487286	211582902110	3359169664	74418630710	74418630710	791637190394	6436653208	333187054536	321401197863	267055001803	331568793437	331568793437	4017976757	146113356187	146113356187	65179950577	65179950577	39868979389	3787599429	3787599429	3787599429	3787599429	3787599429	882010275411	42049998724	64194378072
1099511627776	1099511627776	1099511627776	1099511627776	1099511627776	1099511627776	1099511627776	1099511627776	1099511627776	1099511627776	1099511627776	1099511627776	1099511627776	1099511627776	1099511627776	1099511627776	1099511627776	1099511627776	1099511627776	1099511627776	1099511627776	1099511627776	1099511627776	1099511627776	1099511627776	1099511627776	1099511627776	1099511627776	1099511627776	1099511627776	1099511627776	1099511627776	1099511627776	1099511627776	1099511627776	1099511627776	1099511627776	1099511627776	1099511627776	1099511627776	1099511627776	1099511627776	1099511627776	1099511627776	1099511627776	1099511627776	1099511627776	1099511627776	1099511627776	1099511627776	1099511627776	1099511627776	1099511627776	1099511627776	1099511627776	1099511627776	1099511627776	1099511627776	1099511627776	1099511627776	1099511627776	1099511627776	1099511627776	1099511627776	1099511627776	1099511627776	1099511627776	1099511627776	1099511627776	1099511627776	1099511627776	1099511627776	1099511627776	1099511627776	1099511627776	1099511627776	1099511627776	1099511627776	1099511627776	1099511627776	1099511627776	1099511627776	1099511627776	1099511627776	0	0	33554432	33554432	0	33554432	16777216	16777216	33554432	16777216	16777216	16777216	33554432	0	0	33554432	33554432	33554432	16777216	0	0	0	0	0	33554432	0	33554432	16777216	33554432	33554432	16777216	0	1099511627776	1099511627776	1099511627776	1099511627776	1099511627776	1099511627776	1099511627776	1099511627776	1099511627776	235609634523	1099511627776	1099511627776	1099511627776	1099511627776	1099511627776	1099511627776	1099511627776	1099511627776	1099511627776	1099511627776	1099511627776	1099511627776	1099511627776	1099511627776	1099511627776	235609634523	1099511627776	1099511627776	1099511627776	1099511627776	1099511627776	1099511627776	785365448411	157073089682	1099511627776	1099511627776	1099511627776	1099511627776	1099511627776	1099511627776	235609634523	1099511627776	1099511627776	890080841532	1099511627776	1099511627776	1099511627776	1099511627776	157073089682	1099511627776	1099511627776	1099511627776	1099511627776	1099511627776	157073089682	1099511627776	1099511627776	157073089682	235609634523	1099511627776	157073089682	1099511627776	1099511627776	1099511627776	733007751850	523576965607	157073089682	1099511627776	1099511627776	1099511627776	1099511627776	1099511627776	628292358729	1099511627776	1099511627776	209430786243	157073089682	157073089682	157073089682	157073089682	157073089682	1099511627776	209430786243	209430786243
1	1	1	1	1	1	1	1	1	1	1	1	1	1	1	1	1	1	1	1	1	1	1	1	1	1	1	1	1	1	1	1	1	1	1	1	1	1	1	1	1	1	1	1	1	1	1	1	1	1	1	1	1	1	1	1	1	1	1	1	1	1	1	1	1	1	1	1	1	1	1	1	1	1	1	1	1	1	1	1	1	1	1	1	0	0	0	0	0	0	0	0	0	0	0	0	0	0	0	0	0	0	0	0	0	0	0	0	0	0	0	0	0	0	0	0	1	1	1	1	1	1	1	1	1	0	1	1	1	1	1	1	1	1	0	0	1	1	1	1	0	0	1	1	1	1	1	1	0	0	0	1	1	1	1	1	0	1	0	0	1	1	1	1	0	1	1	1	1	1	0	1	1	0	0	0	0	1	1	1	0	0	0	1	1	1	1	0	0	1	1	0	0	0	0	0	0	1	0	0
